SALESORDERID,HISTORY.CREATEDBY.EMPLOYEEID,HISTORY.CREATEDAT,HISTORY.CHANGEDBY.EMPLOYEEID,HISTORY.CHANGEDAT,NOTEID,PARTNER.PARTNERID,CURRENCY,GROSSAMOUNT,NETAMOUNT,TAXAMOUNT,LIFECYCLESTATUS,BILLINGSTATUS,DELIVERYSTATUS
0500000000,0000000033,20140101,0000000033,20140115,,0100000000,EUR,26581.03,22337,4244.03,X,I,I
0500000001,0000000033,20140102,0000000033,20140116,,0100000002,EUR,9417.66,7914,1503.66,N,I,I
0500000002,0000000033,20140103,0000000033,20140117,,0100000005,EUR,5631.08,4732,899.08,P,I,D
0500000003,0000000033,20140104,0000000033,20140118,,0100000006,EUR,1405.39,1181,224.39,N,I,I
0500000004,0000000033,20140105,0000000033,20140119,,0100000006,EUR,761.24,639.7,121.54,C,P,D
0500000005,0000000033,20140106,0000000033,20140120,,0100000008,EUR,101299.22,85125.4,16173.82,X,I,I
0500000006,0000000033,20140107,0000000033,20140121,,0100000003,EUR,250.73,210.7,40.03,X,I,I
0500000007,0000000033,20140108,0000000033,20140122,,0100000004,EUR,10549.35,8865,1684.35,C,P,D
0500000008,0000000033,20140109,0000000033,20140123,,0100000009,EUR,195.16,164,31.16,X,I,I
0500000009,0000000033,20140110,0000000033,20140124,,0100000000,EUR,3972.22,3338,634.22,P,P,I
0500000010,0000000033,20140111,0000000033,20140125,,0100000002,EUR,3598.92,3024.3,574.62,N,I,I
0500000011,0000000033,20140112,0000000033,20140126,,0100000004,EUR,325.94,273.9,52.04,P,P,I
0500000012,0000000033,20140113,0000000033,20140127,,0100000005,EUR,24395,20500,3895,P,I,D
0500000013,0000000033,20140114,0000000033,20140128,,0100000006,EUR,5527.55,4645,882.55,P,I,D
0500000014,0000000033,20140115,0000000033,20140129,,0100000006,EUR,3459.33,2907,552.33,P,I,I
0500000015,0000000033,20140116,0000000033,20140130,,0100000008,EUR,852.04,716,136.04,X,I,I
0500000016,0000000033,20140117,0000000033,20140131,,0100000004,EUR,1916.5,1610.5,306,N,I,I
0500000017,0000000033,20140118,0000000033,20140201,,0100000005,EUR,178.14,149.7,28.44,P,P,D
0500000018,0000000033,20140119,0000000033,20140202,,0100000002,EUR,871.55,732.4,139.15,C,P,D
0500000019,0000000033,20140120,0000000033,20140203,,0100000009,EUR,1028.15,864,164.15,N,I,I
0500000020,0000000033,20140121,0000000033,20140204,,0100000000,EUR,5523.38,4641.5,881.88,N,I,I
0500000021,0000000033,20140122,0000000033,20140205,,0100000002,EUR,187.54,157.6,29.94,P,P,D
0500000022,0000000033,20140123,0000000033,20140206,,0100000006,EUR,521.22,438,83.22,N,I,I
0500000023,0000000033,20140124,0000000033,20140207,,0100000008,EUR,411.5,345.8,65.7,C,P,D
0500000024,0000000033,20140125,0000000033,20140208,,0100000005,EUR,11552.52,9708,1844.52,P,P,D
0500000025,0000000033,20140126,0000000033,20140209,,0100000003,EUR,26581.03,22337,4244.03,C,P,D
0500000026,0000000033,20140127,0000000033,20140210,,0100000003,EUR,9417.66,7914,1503.66,N,I,I
0500000027,0000000033,20140128,0000000033,20140211,,0100000003,EUR,5631.08,4732,899.08,C,P,D
0500000028,0000000033,20140129,0000000033,20140212,,0100000008,EUR,1405.39,1181,224.39,C,P,D
0500000029,0000000033,20140130,0000000033,20140213,,0100000004,EUR,761.24,639.7,121.54,N,I,I
0500000030,0000000033,20140131,0000000033,20140214,,0100000006,EUR,101299.22,85125.4,16173.82,P,I,D
0500000031,0000000033,20140201,0000000033,20140215,,0100000004,EUR,250.73,210.7,40.03,C,P,D
0500000032,0000000033,20140202,0000000033,20140216,,0100000006,EUR,10549.35,8865,1684.35,N,I,I
0500000033,0000000033,20140203,0000000033,20140217,,0100000009,EUR,195.16,164,31.16,N,I,I
0500000034,0000000033,20140204,0000000033,20140218,,0100000000,EUR,107100,90000,17100,N,I,I
0500000035,0000000033,20140205,0000000033,20140219,,0100000002,EUR,4415.73,3710.7,705.03,P,P,I
0500000036,0000000033,20140206,0000000033,20140220,,0100000003,EUR,325.94,273.9,52.04,X,I,I
0500000037,0000000033,20140207,0000000033,20140221,,0100000005,EUR,24220.07,20353,3867.07,P,P,D
0500000038,0000000033,20140208,0000000033,20140222,,0100000006,EUR,4499.87,3781.4,718.47,C,P,D
0500000039,0000000033,20140209,0000000033,20140223,,0100000006,EUR,2727.24,2291.8,435.44,C,P,D
0500000040,0000000033,20140210,0000000033,20140224,,0100000008,EUR,530.62,445.9,84.72,N,I,I
0500000041,0000000033,20140211,0000000033,20140225,,0100000004,EUR,803.25,675,128.25,C,P,D
0500000042,0000000033,20140212,0000000033,20140226,,0100000002,EUR,178.14,149.7,28.44,X,I,I
0500000043,0000000033,20140213,0000000033,20140227,,0100000005,EUR,871.55,732.4,139.15,P,P,D
0500000044,0000000033,20140214,0000000033,20140228,,0100000009,EUR,6543.8,5499,1044.8,C,P,D
0500000045,0000000033,20140215,0000000033,20140228,,0100000000,EUR,113032.74,94985.5,18047.24,C,P,D
0500000046,0000000033,20140216,0000000033,20140301,,0100000002,EUR,114.24,96,18.24,X,I,I
0500000047,0000000033,20140217,0000000033,20140302,,0100000008,EUR,521.22,438,83.22,C,P,D
0500000048,0000000033,20140218,0000000033,20140303,,0100000006,EUR,411.5,345.8,65.7,C,P,D
0500000049,0000000033,20140219,0000000033,20140304,,0100000005,EUR,11379.97,9563,1816.97,N,I,I
0500000050,0000000033,20140220,0000000033,20140305,,0100000026,EUR,26581.03,22337,4244.03,N,I,I
0500000051,0000000033,20140221,0000000033,20140306,,0100000025,EUR,9417.66,7914,1503.66,C,P,D
0500000052,0000000033,20140222,0000000033,20140307,,0100000022,EUR,5631.08,4732,899.08,X,I,I
0500000053,0000000033,20140223,0000000033,20140308,,0100000024,EUR,1405.39,1181,224.39,C,P,D
0500000054,0000000033,20140224,0000000033,20140309,,0100000024,EUR,761.24,639.7,121.54,P,I,I
0500000055,0000000033,20140225,0000000033,20140310,,0100000021,EUR,101299.22,85125.4,16173.82,C,P,D
0500000056,0000000033,20140226,0000000033,20140311,,0100000023,EUR,250.73,210.7,40.03,C,P,D
0500000057,0000000033,20140227,0000000033,20140312,,0100000019,EUR,10549.35,8865,1684.35,N,I,I
0500000058,0000000033,20140228,0000000033,20140313,,0100000026,EUR,195.16,164,31.16,X,I,I
0500000059,0000000033,20140228,0000000033,20140314,,0100000026,EUR,3972.22,3338,634.22,P,I,D
0500000060,0000000033,20140301,0000000033,20140315,,0100000025,EUR,3598.92,3024.3,574.62,P,P,I
0500000061,0000000033,20140302,0000000033,20140316,,0100000019,EUR,325.94,273.9,52.04,C,P,D
0500000062,0000000033,20140303,0000000033,20140317,,0100000022,EUR,24395,20500,3895,N,I,I
0500000063,0000000033,20140304,0000000033,20140318,,0100000024,EUR,5527.55,4645,882.55,P,I,D
0500000064,0000000033,20140305,0000000033,20140319,,0100000024,EUR,3459.33,2907,552.33,N,I,I
0500000065,0000000033,20140306,0000000033,20140320,,0100000021,EUR,852.04,716,136.04,C,P,D
0500000066,0000000033,20140307,0000000033,20140321,,0100000019,EUR,1916.5,1610.5,306,N,I,I
0500000067,0000000033,20140308,0000000033,20140322,,0100000022,EUR,178.14,149.7,28.44,C,P,D
0500000068,0000000033,20140309,0000000033,20140323,,0100000025,EUR,871.55,732.4,139.15,P,P,I
0500000069,0000000033,20140310,0000000033,20140324,,0100000026,EUR,1028.15,864,164.15,N,I,I
0500000070,0000000033,20140311,0000000033,20140325,,0100000026,EUR,5523.38,4641.5,881.88,X,I,I
0500000071,0000000033,20140312,0000000033,20140326,,0100000025,EUR,187.54,157.6,29.94,N,I,I
0500000072,0000000033,20140313,0000000033,20140327,,0100000024,EUR,521.22,438,83.22,N,I,I
0500000073,0000000033,20140314,0000000033,20140328,,0100000021,EUR,411.5,345.8,65.7,N,I,I
0500000074,0000000033,20140315,0000000033,20140329,,0100000022,EUR,11552.52,9708,1844.52,C,P,D
0500000075,0000000033,20140316,0000000033,20140330,,0100000023,EUR,26581.03,22337,4244.03,X,I,I
0500000076,0000000033,20140317,0000000033,20140331,,0100000023,EUR,9417.66,7914,1503.66,P,I,D
0500000077,0000000033,20140318,0000000033,20140401,,0100000023,EUR,5631.08,4732,899.08,C,P,D
0500000078,0000000033,20140319,0000000033,20140402,,0100000021,EUR,1405.39,1181,224.39,C,P,D
0500000079,0000000033,20140320,0000000033,20140403,,0100000019,EUR,761.24,639.7,121.54,N,I,I
0500000080,0000000033,20140321,0000000033,20140404,,0100000024,EUR,101299.22,85125.4,16173.82,P,I,D
0500000081,0000000033,20140322,0000000033,20140405,,0100000019,EUR,250.73,210.7,40.03,C,P,D
0500000082,0000000033,20140323,0000000033,20140406,,0100000024,EUR,10549.35,8865,1684.35,N,I,I
0500000083,0000000033,20140324,0000000033,20140407,,0100000026,EUR,195.16,164,31.16,C,P,D
0500000084,0000000033,20140325,0000000033,20140408,,0100000026,EUR,107100,90000,17100,C,P,D
0500000085,0000000033,20140326,0000000033,20140409,,0100000025,EUR,4415.73,3710.7,705.03,X,I,I
0500000086,0000000033,20140327,0000000033,20140410,,0100000023,EUR,325.94,273.9,52.04,C,P,D
0500000087,0000000033,20140328,0000000033,20140411,,0100000022,EUR,24220.07,20353,3867.07,X,I,I
0500000088,0000000033,20140329,0000000033,20140412,,0100000024,EUR,4499.87,3781.4,718.47,P,I,D
0500000089,0000000033,20140330,0000000033,20140413,,0100000024,EUR,2727.24,2291.8,435.44,N,I,I
0500000090,0000000033,20140331,0000000033,20140414,,0100000021,EUR,530.62,445.9,84.72,N,I,I
0500000091,0000000033,20140401,0000000033,20140415,,0100000019,EUR,803.25,675,128.25,N,I,I
0500000092,0000000033,20140402,0000000033,20140416,,0100000025,EUR,178.14,149.7,28.44,X,I,I
0500000093,0000000033,20140403,0000000033,20140417,,0100000022,EUR,871.55,732.4,139.15,X,I,I
0500000094,0000000033,20140404,0000000033,20140418,,0100000026,EUR,6543.8,5499,1044.8,C,P,D
0500000095,0000000033,20140405,0000000033,20140419,,0100000026,EUR,113032.74,94985.5,18047.24,X,I,I
0500000096,0000000033,20140406,0000000033,20140420,,0100000025,EUR,114.24,96,18.24,C,P,D
0500000097,0000000033,20140407,0000000033,20140421,,0100000021,EUR,521.22,438,83.22,P,P,D
0500000098,0000000033,20140408,0000000033,20140422,,0100000024,EUR,411.5,345.8,65.7,C,P,D
0500000099,0000000033,20140409,0000000033,20140423,,0100000022,EUR,11379.97,9563,1816.97,X,I,I
0500000100,0000000033,20140410,0000000033,20140424,,0100000012,EUR,26581.03,22337,4244.03,X,I,I
0500000101,0000000033,20140411,0000000033,20140425,,0100000011,EUR,9417.66,7914,1503.66,X,I,I
0500000102,0000000033,20140412,0000000033,20140426,,0100000015,EUR,5631.08,4732,899.08,P,I,I
0500000103,0000000033,20140413,0000000033,20140427,,0100000013,EUR,1405.39,1181,224.39,N,I,I
0500000104,0000000033,20140414,0000000033,20140428,,0100000013,EUR,761.24,639.7,121.54,C,P,D
0500000105,0000000033,20140415,0000000033,20140429,,0100000014,EUR,101299.22,85125.4,16173.82,X,I,I
0500000106,0000000033,20140416,0000000033,20140430,,0100000016,EUR,250.73,210.7,40.03,C,P,D
0500000107,0000000033,20140417,0000000033,20140501,,0100000017,EUR,10549.35,8865,1684.35,C,P,D
0500000108,0000000033,20140418,0000000033,20140502,,0100000018,EUR,195.16,164,31.16,P,I,D
0500000109,0000000033,20140419,0000000033,20140503,,0100000012,EUR,3972.22,3338,634.22,P,I,I
0500000110,0000000033,20140420,0000000033,20140504,,0100000011,EUR,3598.92,3024.3,574.62,P,I,D
0500000111,0000000033,20140421,0000000033,20140505,,0100000017,EUR,325.94,273.9,52.04,N,I,I
0500000112,0000000033,20140422,0000000033,20140506,,0100000015,EUR,24395,20500,3895,X,I,I
0500000113,0000000033,20140423,0000000033,20140507,,0100000013,EUR,5527.55,4645,882.55,N,I,I
0500000114,0000000033,20140424,0000000033,20140508,,0100000013,EUR,3459.33,2907,552.33,X,I,I
0500000115,0000000033,20140425,0000000033,20140509,,0100000014,EUR,852.04,716,136.04,P,I,I
0500000116,0000000033,20140426,0000000033,20140510,,0100000017,EUR,1916.5,1610.5,306,N,I,I
0500000117,0000000033,20140427,0000000033,20140511,,0100000015,EUR,178.14,149.7,28.44,P,P,D
0500000118,0000000033,20140428,0000000033,20140512,,0100000011,EUR,871.55,732.4,139.15,P,I,D
0500000119,0000000033,20140429,0000000033,20140513,,0100000018,EUR,1028.15,864,164.15,N,I,I
0500000120,0000000033,20140430,0000000033,20140514,,0100000012,EUR,5523.38,4641.5,881.88,X,I,I
0500000121,0000000033,20140501,0000000033,20140515,,0100000011,EUR,187.54,157.6,29.94,X,I,I
0500000122,0000000033,20140502,0000000033,20140516,,0100000013,EUR,521.22,438,83.22,N,I,I
0500000123,0000000033,20140503,0000000033,20140517,,0100000014,EUR,411.5,345.8,65.7,X,I,I
0500000124,0000000033,20140504,0000000033,20140518,,0100000015,EUR,11552.52,9708,1844.52,C,P,D
0500000125,0000000033,20140505,0000000033,20140519,,0100000016,EUR,26581.03,22337,4244.03,C,P,D
0500000126,0000000033,20140506,0000000033,20140520,,0100000016,EUR,9417.66,7914,1503.66,C,P,D
0500000127,0000000033,20140507,0000000033,20140521,,0100000016,EUR,5631.08,4732,899.08,C,P,D
0500000128,0000000033,20140508,0000000033,20140522,,0100000014,EUR,1405.39,1181,224.39,X,I,I
0500000129,0000000033,20140509,0000000033,20140523,,0100000017,EUR,761.24,639.7,121.54,C,P,D
0500000130,0000000033,20140510,0000000033,20140524,,0100000013,EUR,101299.22,85125.4,16173.82,C,P,D
0500000131,0000000033,20140511,0000000033,20140525,,0100000017,EUR,250.73,210.7,40.03,P,P,D
0500000132,0000000033,20140512,0000000033,20140526,,0100000013,EUR,10549.35,8865,1684.35,P,I,D
0500000133,0000000033,20140513,0000000033,20140527,,0100000018,EUR,195.16,164,31.16,C,P,D
0500000134,0000000033,20140514,0000000033,20140528,,0100000012,EUR,107100,90000,17100,P,P,I
0500000135,0000000033,20140515,0000000033,20140529,,0100000011,EUR,4415.73,3710.7,705.03,N,I,I
0500000136,0000000033,20140516,0000000033,20140530,,0100000016,EUR,325.94,273.9,52.04,X,I,I
0500000137,0000000033,20140517,0000000033,20140531,,0100000015,EUR,24220.07,20353,3867.07,P,I,D
0500000138,0000000033,20140518,0000000033,20140601,,0100000013,EUR,4499.87,3781.4,718.47,C,P,D
0500000139,0000000033,20140519,0000000033,20140602,,0100000013,EUR,2727.24,2291.8,435.44,P,P,D
0500000140,0000000033,20140520,0000000033,20140603,,0100000014,EUR,530.62,445.9,84.72,C,P,D
0500000141,0000000033,20140521,0000000033,20140604,,0100000017,EUR,803.25,675,128.25,P,I,I
0500000142,0000000033,20140522,0000000033,20140605,,0100000011,EUR,178.14,149.7,28.44,P,I,D
0500000143,0000000033,20140523,0000000033,20140606,,0100000015,EUR,871.55,732.4,139.15,P,P,I
0500000144,0000000033,20140524,0000000033,20140607,,0100000018,EUR,6543.8,5499,1044.8,X,I,I
0500000145,0000000033,20140525,0000000033,20140608,,0100000012,EUR,113032.74,94985.5,18047.24,P,I,D
0500000146,0000000033,20140526,0000000033,20140609,,0100000011,EUR,114.24,96,18.24,P,P,I
0500000147,0000000033,20140527,0000000033,20140610,,0100000014,EUR,521.22,438,83.22,N,I,I
0500000148,0000000033,20140528,0000000033,20140611,,0100000013,EUR,411.5,345.8,65.7,C,P,D
0500000149,0000000033,20140529,0000000033,20140612,,0100000015,EUR,11379.97,9563,1816.97,C,P,D
0500000150,0000000033,20140530,0000000033,20140613,,0100000028,EUR,26581.03,22337,4244.03,P,P,I
0500000151,0000000033,20140531,0000000033,20140614,,0100000030,EUR,9417.66,7914,1503.66,C,P,D
0500000152,0000000033,20140601,0000000033,20140615,,0100000031,EUR,5631.08,4732,899.08,N,I,I
0500000153,0000000033,20140602,0000000033,20140616,,0100000032,EUR,1405.39,1181,224.39,N,I,I
0500000154,0000000033,20140603,0000000033,20140617,,0100000032,EUR,761.24,639.7,121.54,C,P,D
0500000155,0000000033,20140604,0000000033,20140618,,0100000033,EUR,101299.22,85125.4,16173.82,C,P,D
0500000156,0000000033,20140605,0000000033,20140619,,0100000034,EUR,250.73,210.7,40.03,X,I,I
0500000157,0000000033,20140606,0000000033,20140620,,0100000035,EUR,10549.35,8865,1684.35,X,I,I
0500000158,0000000033,20140607,0000000033,20140621,,0100000027,EUR,195.16,164,31.16,X,I,I
0500000159,0000000033,20140608,0000000033,20140622,,0100000028,EUR,3972.22,3338,634.22,P,I,I
0500000160,0000000033,20140609,0000000033,20140623,,0100000030,EUR,3598.92,3024.3,574.62,X,I,I
0500000161,0000000033,20140610,0000000033,20140624,,0100000035,EUR,325.94,273.9,52.04,X,I,I
0500000162,0000000033,20140611,0000000033,20140625,,0100000031,EUR,24395,20500,3895,P,P,I
0500000163,0000000033,20140612,0000000033,20140626,,0100000032,EUR,5527.55,4645,882.55,C,P,D
0500000164,0000000033,20140613,0000000033,20140627,,0100000032,EUR,3459.33,2907,552.33,X,I,I
0500000165,0000000033,20140614,0000000033,20140628,,0100000033,EUR,852.04,716,136.04,X,I,I
0500000166,0000000033,20140615,0000000033,20140629,,0100000035,EUR,1916.5,1610.5,306,C,P,D
0500000167,0000000033,20140616,0000000033,20140630,,0100000031,EUR,178.14,149.7,28.44,X,I,I
0500000168,0000000033,20140617,0000000033,20140701,,0100000030,EUR,871.55,732.4,139.15,N,I,I
0500000169,0000000033,20140618,0000000033,20140702,,0100000027,EUR,1028.15,864,164.15,N,I,I
0500000170,0000000033,20140619,0000000033,20140703,,0100000028,EUR,5523.38,4641.5,881.88,C,P,D
0500000171,0000000033,20140620,0000000033,20140704,,0100000030,EUR,187.54,157.6,29.94,X,I,I
0500000172,0000000033,20140621,0000000033,20140705,,0100000032,EUR,521.22,438,83.22,P,P,I
0500000173,0000000033,20140622,0000000033,20140706,,0100000033,EUR,411.5,345.8,65.7,X,I,I
0500000174,0000000033,20140623,0000000033,20140707,,0100000031,EUR,11552.52,9708,1844.52,C,P,D
0500000175,0000000033,20140624,0000000033,20140708,,0100000034,EUR,26581.03,22337,4244.03,N,I,I
0500000176,0000000033,20140625,0000000033,20140709,,0100000034,EUR,9417.66,7914,1503.66,C,P,D
0500000177,0000000033,20140626,0000000033,20140710,,0100000034,EUR,5631.08,4732,899.08,C,P,D
0500000178,0000000033,20140627,0000000033,20140711,,0100000033,EUR,1405.39,1181,224.39,P,I,D
0500000179,0000000033,20140628,0000000033,20140712,,0100000035,EUR,761.24,639.7,121.54,C,P,D
0500000180,0000000033,20140629,0000000033,20140713,,0100000032,EUR,101299.22,85125.4,16173.82,X,I,I
0500000181,0000000033,20140630,0000000033,20140714,,0100000035,EUR,250.73,210.7,40.03,C,P,D
0500000182,0000000033,20140701,0000000033,20140715,,0100000032,EUR,10549.35,8865,1684.35,X,I,I
0500000183,0000000033,20140702,0000000033,20140716,,0100000027,EUR,195.16,164,31.16,P,I,I
0500000184,0000000033,20140703,0000000033,20140717,,0100000028,EUR,107100,90000,17100,P,P,D
0500000185,0000000033,20140704,0000000033,20140718,,0100000030,EUR,4415.73,3710.7,705.03,C,P,D
0500000186,0000000033,20140705,0000000033,20140719,,0100000034,EUR,325.94,273.9,52.04,N,I,I
0500000187,0000000033,20140706,0000000033,20140720,,0100000031,EUR,24220.07,20353,3867.07,P,P,I
0500000188,0000000033,20140707,0000000033,20140721,,0100000032,EUR,4499.87,3781.4,718.47,P,I,D
0500000189,0000000033,20140708,0000000033,20140722,,0100000032,EUR,2727.24,2291.8,435.44,N,I,I
0500000190,0000000033,20140709,0000000033,20140723,,0100000033,EUR,530.62,445.9,84.72,P,I,I
0500000191,0000000033,20140710,0000000033,20140724,,0100000035,EUR,803.25,675,128.25,C,P,D
0500000192,0000000033,20140711,0000000033,20140725,,0100000030,EUR,178.14,149.7,28.44,P,P,D
0500000193,0000000033,20140712,0000000033,20140726,,0100000031,EUR,871.55,732.4,139.15,X,I,I
0500000194,0000000033,20140713,0000000033,20140727,,0100000027,EUR,6543.8,5499,1044.8,C,P,D
0500000195,0000000033,20140714,0000000033,20140728,,0100000028,EUR,113032.74,94985.5,18047.24,N,I,I
0500000196,0000000033,20140715,0000000033,20140729,,0100000030,EUR,114.24,96,18.24,C,P,D
0500000197,0000000033,20140716,0000000033,20140730,,0100000033,EUR,521.22,438,83.22,X,I,I
0500000198,0000000033,20140717,0000000033,20140731,,0100000032,EUR,411.5,345.8,65.7,P,P,I
0500000199,0000000033,20140718,0000000033,20140801,,0100000031,EUR,11379.97,9563,1816.97,X,I,I
0500000200,0000000033,20140719,0000000033,20140802,,0100000044,EUR,26581.03,22337,4244.03,N,I,I
0500000201,0000000033,20140720,0000000033,20140803,,0100000036,EUR,9417.66,7914,1503.66,N,I,I
0500000202,0000000033,20140721,0000000033,20140804,,0100000038,EUR,5631.08,4732,899.08,X,I,I
0500000203,0000000033,20140722,0000000033,20140805,,0100000037,EUR,1405.39,1181,224.39,C,P,D
0500000204,0000000033,20140723,0000000033,20140806,,0100000037,EUR,761.24,639.7,121.54,P,P,I
0500000205,0000000033,20140724,0000000033,20140807,,0100000042,EUR,101299.22,85125.4,16173.82,C,P,D
0500000206,0000000033,20140725,0000000033,20140808,,0100000044,EUR,250.73,210.7,40.03,C,P,D
0500000207,0000000033,20140726,0000000033,20140809,,0100000041,EUR,10549.35,8865,1684.35,P,P,I
0500000208,0000000033,20140727,0000000033,20140810,,0100000043,EUR,195.16,164,31.16,P,I,I
0500000209,0000000033,20140728,0000000033,20140811,,0100000044,EUR,3972.22,3338,634.22,C,P,D
0500000210,0000000033,20140729,0000000033,20140812,,0100000036,EUR,3598.92,3024.3,574.62,C,P,D
0500000211,0000000033,20140730,0000000033,20140813,,0100000041,EUR,325.94,273.9,52.04,X,I,I
0500000212,0000000033,20140731,0000000033,20140814,,0100000038,EUR,24395,20500,3895,C,P,D
0500000213,0000000033,20140801,0000000033,20140815,,0100000037,EUR,5527.55,4645,882.55,P,I,I
0500000214,0000000033,20140802,0000000033,20140816,,0100000037,EUR,3459.33,2907,552.33,P,P,D
0500000215,0000000033,20140803,0000000033,20140817,,0100000042,EUR,852.04,716,136.04,X,I,I
0500000216,0000000033,20140804,0000000033,20140818,,0100000041,EUR,1916.5,1610.5,306,N,I,I
0500000217,0000000033,20140805,0000000033,20140819,,0100000038,EUR,178.14,149.7,28.44,X,I,I
0500000218,0000000033,20140806,0000000033,20140820,,0100000036,EUR,871.55,732.4,139.15,N,I,I
0500000219,0000000033,20140807,0000000033,20140821,,0100000043,EUR,1028.15,864,164.15,P,I,I
0500000220,0000000033,20140808,0000000033,20140822,,0100000044,EUR,5523.38,4641.5,881.88,P,I,I
0500000221,0000000033,20140809,0000000033,20140823,,0100000036,EUR,187.54,157.6,29.94,N,I,I
0500000222,0000000033,20140810,0000000033,20140824,,0100000037,EUR,521.22,438,83.22,X,I,I
0500000223,0000000033,20140811,0000000033,20140825,,0100000042,EUR,411.5,345.8,65.7,N,I,I
0500000224,0000000033,20140812,0000000033,20140826,,0100000038,EUR,11552.52,9708,1844.52,C,P,D
0500000225,0000000033,20140813,0000000033,20140827,,0100000044,EUR,26581.03,22337,4244.03,X,I,I
0500000226,0000000033,20140814,0000000033,20140828,,0100000044,EUR,9417.66,7914,1503.66,N,I,I
0500000227,0000000033,20140815,0000000033,20140829,,0100000044,EUR,5631.08,4732,899.08,X,I,I
0500000228,0000000033,20140816,0000000033,20140830,,0100000042,EUR,1405.39,1181,224.39,C,P,D
0500000229,0000000033,20140817,0000000033,20140831,,0100000041,EUR,761.24,639.7,121.54,N,I,I
0500000230,0000000033,20140818,0000000033,20140901,,0100000037,EUR,101299.22,85125.4,16173.82,X,I,I
0500000231,0000000033,20140819,0000000033,20140902,,0100000041,EUR,250.73,210.7,40.03,N,I,I
0500000232,0000000033,20140820,0000000033,20140903,,0100000037,EUR,10549.35,8865,1684.35,N,I,I
0500000233,0000000033,20140821,0000000033,20140904,,0100000043,EUR,195.16,164,31.16,C,P,D
0500000234,0000000033,20140822,0000000033,20140905,,0100000044,EUR,107100,90000,17100,X,I,I
0500000235,0000000033,20140823,0000000033,20140906,,0100000036,EUR,4415.73,3710.7,705.03,N,I,I
0500000236,0000000033,20140824,0000000033,20140907,,0100000044,EUR,325.94,273.9,52.04,N,I,I
0500000237,0000000033,20140825,0000000033,20140908,,0100000038,EUR,24220.07,20353,3867.07,C,P,D
0500000238,0000000033,20140826,0000000033,20140909,,0100000037,EUR,4499.87,3781.4,718.47,P,P,I
0500000239,0000000033,20140827,0000000033,20140910,,0100000037,EUR,2727.24,2291.8,435.44,P,I,D
0500000240,0000000033,20140828,0000000033,20140911,,0100000042,EUR,530.62,445.9,84.72,X,I,I
0500000241,0000000033,20140829,0000000033,20140912,,0100000041,EUR,803.25,675,128.25,P,I,D
0500000242,0000000033,20140830,0000000033,20140913,,0100000036,EUR,178.14,149.7,28.44,N,I,I
0500000243,0000000033,20140831,0000000033,20140914,,0100000038,EUR,871.55,732.4,139.15,X,I,I
0500000244,0000000033,20140901,0000000033,20140915,,0100000043,EUR,6543.8,5499,1044.8,X,I,I
0500000245,0000000033,20140902,0000000033,20140916,,0100000044,EUR,113032.74,94985.5,18047.24,X,I,I
0500000246,0000000033,20140903,0000000033,20140917,,0100000036,EUR,114.24,96,18.24,N,I,I
0500000247,0000000033,20140904,0000000033,20140918,,0100000042,EUR,521.22,438,83.22,P,I,D
0500000248,0000000033,20140905,0000000033,20140919,,0100000037,EUR,411.5,345.8,65.7,X,I,I
0500000249,0000000033,20140906,0000000033,20140920,,0100000038,EUR,11379.97,9563,1816.97,C,P,D
0500000250,0000000033,20140907,0000000033,20140921,,0100000000,EUR,26581.03,22337,4244.03,N,I,I
0500000251,0000000033,20140908,0000000033,20140922,,0100000002,EUR,9417.66,7914,1503.66,C,P,D
0500000252,0000000033,20140909,0000000033,20140923,,0100000005,EUR,5631.08,4732,899.08,N,I,I
0500000253,0000000033,20140910,0000000033,20140924,,0100000006,EUR,1405.39,1181,224.39,C,P,D
0500000254,0000000033,20140911,0000000033,20140925,,0100000006,EUR,761.24,639.7,121.54,X,I,I
0500000255,0000000033,20140912,0000000033,20140926,,0100000008,EUR,101299.22,85125.4,16173.82,C,P,D
0500000256,0000000033,20140913,0000000033,20140927,,0100000003,EUR,250.73,210.7,40.03,N,I,I
0500000257,0000000033,20140914,0000000033,20140928,,0100000004,EUR,10549.35,8865,1684.35,P,I,D
0500000258,0000000033,20140915,0000000033,20140929,,0100000009,EUR,195.16,164,31.16,C,P,D
0500000259,0000000033,20140916,0000000033,20140930,,0100000000,EUR,3972.22,3338,634.22,X,I,I
0500000260,0000000033,20140917,0000000033,20141001,,0100000002,EUR,3598.92,3024.3,574.62,C,P,D
0500000261,0000000033,20140918,0000000033,20141002,,0100000004,EUR,325.94,273.9,52.04,C,P,D
0500000262,0000000033,20140919,0000000033,20141003,,0100000005,EUR,24395,20500,3895,X,I,I
0500000263,0000000033,20140920,0000000033,20141004,,0100000006,EUR,5527.55,4645,882.55,X,I,I
0500000264,0000000033,20140921,0000000033,20141005,,0100000006,EUR,3459.33,2907,552.33,X,I,I
0500000265,0000000033,20140922,0000000033,20141006,,0100000008,EUR,852.04,716,136.04,P,P,I
0500000266,0000000033,20140923,0000000033,20141007,,0100000004,EUR,1916.5,1610.5,306,P,P,D
0500000267,0000000033,20140924,0000000033,20141008,,0100000005,EUR,178.14,149.7,28.44,P,P,I
0500000268,0000000033,20140925,0000000033,20141009,,0100000002,EUR,871.55,732.4,139.15,P,P,I
0500000269,0000000033,20140926,0000000033,20141010,,0100000009,EUR,1028.15,864,164.15,X,I,I
0500000270,0000000033,20140927,0000000033,20141011,,0100000000,EUR,5523.38,4641.5,881.88,X,I,I
0500000271,0000000033,20140928,0000000033,20141012,,0100000002,EUR,187.54,157.6,29.94,P,P,D
0500000272,0000000033,20140929,0000000033,20141013,,0100000006,EUR,521.22,438,83.22,C,P,D
0500000273,0000000033,20140930,0000000033,20141014,,0100000008,EUR,411.5,345.8,65.7,P,P,D
0500000274,0000000033,20141001,0000000033,20141015,,0100000005,EUR,11552.52,9708,1844.52,C,P,D
0500000275,0000000033,20141002,0000000033,20141016,,0100000003,EUR,26581.03,22337,4244.03,N,I,I
0500000276,0000000033,20141003,0000000033,20141017,,0100000003,EUR,9417.66,7914,1503.66,C,P,D
0500000277,0000000033,20141004,0000000033,20141018,,0100000003,EUR,5631.08,4732,899.08,P,I,I
0500000278,0000000033,20141005,0000000033,20141019,,0100000008,EUR,1405.39,1181,224.39,P,P,D
0500000279,0000000033,20141006,0000000033,20141020,,0100000004,EUR,761.24,639.7,121.54,P,P,I
0500000280,0000000033,20141007,0000000033,20141021,,0100000006,EUR,101299.22,85125.4,16173.82,P,I,I
0500000281,0000000033,20141008,0000000033,20141022,,0100000004,EUR,250.73,210.7,40.03,C,P,D
0500000282,0000000033,20141009,0000000033,20141023,,0100000006,EUR,10549.35,8865,1684.35,X,I,I
0500000283,0000000033,20141010,0000000033,20141024,,0100000009,EUR,195.16,164,31.16,N,I,I
0500000284,0000000033,20141011,0000000033,20141025,,0100000000,EUR,107100,90000,17100,P,P,I
0500000285,0000000033,20141012,0000000033,20141026,,0100000002,EUR,4415.73,3710.7,705.03,P,I,I
0500000286,0000000033,20141013,0000000033,20141027,,0100000003,EUR,325.94,273.9,52.04,C,P,D
0500000287,0000000033,20141014,0000000033,20141028,,0100000005,EUR,24220.07,20353,3867.07,N,I,I
0500000288,0000000033,20141015,0000000033,20141029,,0100000006,EUR,4499.87,3781.4,718.47,P,P,D
0500000289,0000000033,20141016,0000000033,20141030,,0100000006,EUR,2727.24,2291.8,435.44,N,I,I
0500000290,0000000033,20141017,0000000033,20141031,,0100000008,EUR,530.62,445.9,84.72,N,I,I
0500000291,0000000033,20141018,0000000033,20141101,,0100000004,EUR,803.25,675,128.25,C,P,D
0500000292,0000000033,20141019,0000000033,20141102,,0100000002,EUR,178.14,149.7,28.44,N,I,I
0500000293,0000000033,20141020,0000000033,20141103,,0100000005,EUR,871.55,732.4,139.15,X,I,I
0500000294,0000000033,20141021,0000000033,20141104,,0100000009,EUR,6543.8,5499,1044.8,N,I,I
0500000295,0000000033,20141022,0000000033,20141105,,0100000000,EUR,113032.74,94985.5,18047.24,X,I,I
0500000296,0000000033,20141023,0000000033,20141106,,0100000002,EUR,114.24,96,18.24,N,I,I
0500000297,0000000033,20141024,0000000033,20141107,,0100000008,EUR,521.22,438,83.22,X,I,I
0500000298,0000000033,20141025,0000000033,20141108,,0100000006,EUR,411.5,345.8,65.7,X,I,I
0500000299,0000000033,20141026,0000000033,20141109,,0100000005,EUR,11379.97,9563,1816.97,C,P,D
0500000300,0000000033,20141027,0000000033,20141110,,0100000026,EUR,26581.03,22337,4244.03,X,I,I
0500000301,0000000033,20141028,0000000033,20141111,,0100000025,EUR,9417.66,7914,1503.66,P,I,I
0500000302,0000000033,20141029,0000000033,20141112,,0100000022,EUR,5631.08,4732,899.08,N,I,I
0500000303,0000000033,20141030,0000000033,20141113,,0100000024,EUR,1405.39,1181,224.39,C,P,D
0500000304,0000000033,20141031,0000000033,20141114,,0100000024,EUR,761.24,639.7,121.54,X,I,I
0500000305,0000000033,20141101,0000000033,20141115,,0100000021,EUR,101299.22,85125.4,16173.82,N,I,I
0500000306,0000000033,20141102,0000000033,20141116,,0100000023,EUR,250.73,210.7,40.03,N,I,I
0500000307,0000000033,20141103,0000000033,20141117,,0100000019,EUR,10549.35,8865,1684.35,X,I,I
0500000308,0000000033,20141104,0000000033,20141118,,0100000026,EUR,195.16,164,31.16,N,I,I
0500000309,0000000033,20141105,0000000033,20141119,,0100000026,EUR,3972.22,3338,634.22,P,I,D
0500000310,0000000033,20141106,0000000033,20141120,,0100000025,EUR,3598.92,3024.3,574.62,X,I,I
0500000311,0000000033,20141107,0000000033,20141121,,0100000019,EUR,325.94,273.9,52.04,C,P,D
0500000312,0000000033,20141108,0000000033,20141122,,0100000022,EUR,24395,20500,3895,C,P,D
0500000313,0000000033,20141109,0000000033,20141123,,0100000024,EUR,5527.55,4645,882.55,P,P,I
0500000314,0000000033,20141110,0000000033,20141124,,0100000024,EUR,3459.33,2907,552.33,C,P,D
0500000315,0000000033,20141111,0000000033,20141125,,0100000021,EUR,852.04,716,136.04,X,I,I
0500000316,0000000033,20141112,0000000033,20141126,,0100000019,EUR,1916.5,1610.5,306,X,I,I
0500000317,0000000033,20141113,0000000033,20141127,,0100000022,EUR,178.14,149.7,28.44,X,I,I
0500000318,0000000033,20141114,0000000033,20141128,,0100000025,EUR,871.55,732.4,139.15,C,P,D
0500000319,0000000033,20141115,0000000033,20141129,,0100000026,EUR,1028.15,864,164.15,X,I,I
0500000320,0000000033,20141116,0000000033,20141130,,0100000026,EUR,5523.38,4641.5,881.88,X,I,I
0500000321,0000000033,20141117,0000000033,20141201,,0100000025,EUR,187.54,157.6,29.94,P,I,I
0500000322,0000000033,20141118,0000000033,20141202,,0100000024,EUR,521.22,438,83.22,P,P,D
0500000323,0000000033,20141119,0000000033,20141203,,0100000021,EUR,411.5,345.8,65.7,N,I,I
0500000324,0000000033,20141120,0000000033,20141204,,0100000022,EUR,11552.52,9708,1844.52,P,I,I
0500000325,0000000033,20141121,0000000033,20141205,,0100000023,EUR,26581.03,22337,4244.03,P,P,I
0500000326,0000000033,20141122,0000000033,20141206,,0100000023,EUR,9417.66,7914,1503.66,N,I,I
0500000327,0000000033,20141123,0000000033,20141207,,0100000023,EUR,5631.08,4732,899.08,C,P,D
0500000328,0000000033,20141124,0000000033,20141208,,0100000021,EUR,1405.39,1181,224.39,P,I,D
0500000329,0000000033,20141125,0000000033,20141209,,0100000019,EUR,761.24,639.7,121.54,C,P,D
0500000330,0000000033,20141126,0000000033,20141210,,0100000024,EUR,101299.22,85125.4,16173.82,P,P,D
0500000331,0000000033,20141127,0000000033,20141211,,0100000019,EUR,250.73,210.7,40.03,N,I,I
0500000332,0000000033,20141128,0000000033,20141212,,0100000024,EUR,10549.35,8865,1684.35,X,I,I
0500000333,0000000033,20141129,0000000033,20141213,,0100000026,EUR,195.16,164,31.16,P,I,I
0500000334,0000000033,20141130,0000000033,20141214,,0100000026,EUR,107100,90000,17100,X,I,I
0500000335,0000000033,20141201,0000000033,20141215,,0100000025,EUR,4415.73,3710.7,705.03,X,I,I
0500000336,0000000033,20141202,0000000033,20141216,,0100000023,EUR,325.94,273.9,52.04,C,P,D
0500000337,0000000033,20141203,0000000033,20141217,,0100000022,EUR,24220.07,20353,3867.07,C,P,D
0500000338,0000000033,20141204,0000000033,20141218,,0100000024,EUR,4499.87,3781.4,718.47,X,I,I
0500000339,0000000033,20141205,0000000033,20141219,,0100000024,EUR,2727.24,2291.8,435.44,N,I,I
0500000340,0000000033,20141206,0000000033,20141220,,0100000021,EUR,530.62,445.9,84.72,X,I,I
0500000341,0000000033,20141207,0000000033,20141221,,0100000019,EUR,803.25,675,128.25,N,I,I
0500000342,0000000033,20141208,0000000033,20141222,,0100000025,EUR,178.14,149.7,28.44,C,P,D
0500000343,0000000033,20141209,0000000033,20141223,,0100000022,EUR,871.55,732.4,139.15,P,P,D
0500000344,0000000033,20141210,0000000033,20141224,,0100000026,EUR,6543.8,5499,1044.8,C,P,D
0500000345,0000000033,20141211,0000000033,20141225,,0100000026,EUR,113032.74,94985.5,18047.24,N,I,I
0500000346,0000000033,20141212,0000000033,20141226,,0100000025,EUR,114.24,96,18.24,X,I,I
0500000347,0000000033,20141213,0000000033,20141227,,0100000021,EUR,521.22,438,83.22,C,P,D
0500000348,0000000033,20141214,0000000033,20141228,,0100000024,EUR,411.5,345.8,65.7,P,P,D
0500000349,0000000033,20141215,0000000033,20141229,,0100000022,EUR,11379.97,9563,1816.97,X,I,I
0500000350,0000000033,20141216,0000000033,20141230,,0100000012,EUR,26581.03,22337,4244.03,N,I,I
0500000351,0000000033,20141217,0000000033,20141231,,0100000011,EUR,9417.66,7914,1503.66,X,I,I
0500000352,0000000033,20141218,0000000033,20130101,,0100000015,EUR,5631.08,4732,899.08,P,I,D
0500000353,0000000033,20141219,0000000033,20130102,,0100000013,EUR,1405.39,1181,224.39,C,P,D
0500000354,0000000033,20141220,0000000033,20130103,,0100000013,EUR,761.24,639.7,121.54,P,P,I
0500000355,0000000033,20141221,0000000033,20130104,,0100000014,EUR,101299.22,85125.4,16173.82,N,I,I
0500000356,0000000033,20141222,0000000033,20130105,,0100000016,EUR,250.73,210.7,40.03,C,P,D
0500000357,0000000033,20141223,0000000033,20130106,,0100000017,EUR,10549.35,8865,1684.35,N,I,I
0500000358,0000000033,20141224,0000000033,20130107,,0100000018,EUR,195.16,164,31.16,N,I,I
0500000359,0000000033,20141225,0000000033,20130108,,0100000012,EUR,3972.22,3338,634.22,X,I,I
0500000360,0000000033,20141226,0000000033,20130109,,0100000011,EUR,3598.92,3024.3,574.62,N,I,I
0500000361,0000000033,20141227,0000000033,20130110,,0100000017,EUR,325.94,273.9,52.04,N,I,I
0500000362,0000000033,20141228,0000000033,20130111,,0100000015,EUR,24395,20500,3895,C,P,D
0500000363,0000000033,20141229,0000000033,20130112,,0100000013,EUR,5527.55,4645,882.55,N,I,I
0500000364,0000000033,20141230,0000000033,20130113,,0100000013,EUR,3459.33,2907,552.33,C,P,D
0500000365,0000000033,20141231,0000000033,20130114,,0100000014,EUR,852.04,716,136.04,C,P,D
0500000366,0000000033,20140101,0000000033,20140115,,0100000017,EUR,1916.5,1610.5,306,X,I,I
0500000367,0000000033,20140102,0000000033,20140116,,0100000015,EUR,178.14,149.7,28.44,P,P,I
0500000368,0000000033,20140103,0000000033,20140117,,0100000011,EUR,871.55,732.4,139.15,C,P,D
0500000369,0000000033,20140104,0000000033,20140118,,0100000018,EUR,1028.15,864,164.15,N,I,I
0500000370,0000000033,20140105,0000000033,20140119,,0100000012,EUR,5523.38,4641.5,881.88,X,I,I
0500000371,0000000033,20140106,0000000033,20140120,,0100000011,EUR,187.54,157.6,29.94,C,P,D
0500000372,0000000033,20140107,0000000033,20140121,,0100000013,EUR,521.22,438,83.22,C,P,D
0500000373,0000000033,20140108,0000000033,20140122,,0100000014,EUR,411.5,345.8,65.7,C,P,D
0500000374,0000000033,20140109,0000000033,20140123,,0100000015,EUR,11552.52,9708,1844.52,N,I,I
0500000375,0000000033,20140110,0000000033,20140124,,0100000016,EUR,26581.03,22337,4244.03,N,I,I
0500000376,0000000033,20140111,0000000033,20140125,,0100000016,EUR,9417.66,7914,1503.66,X,I,I
0500000377,0000000033,20140112,0000000033,20140126,,0100000016,EUR,5631.08,4732,899.08,N,I,I
0500000378,0000000033,20140113,0000000033,20140127,,0100000014,EUR,1405.39,1181,224.39,P,I,I
0500000379,0000000033,20140114,0000000033,20140128,,0100000017,EUR,761.24,639.7,121.54,N,I,I
0500000380,0000000033,20140115,0000000033,20140129,,0100000013,EUR,101299.22,85125.4,16173.82,X,I,I
0500000381,0000000033,20140116,0000000033,20140130,,0100000017,EUR,250.73,210.7,40.03,N,I,I
0500000382,0000000033,20140117,0000000033,20140131,,0100000013,EUR,10549.35,8865,1684.35,P,I,I
0500000383,0000000033,20140118,0000000033,20140201,,0100000018,EUR,195.16,164,31.16,C,P,D
0500000384,0000000033,20140119,0000000033,20140202,,0100000012,EUR,107100,90000,17100,N,I,I
0500000385,0000000033,20140120,0000000033,20140203,,0100000011,EUR,4415.73,3710.7,705.03,X,I,I
0500000386,0000000033,20140121,0000000033,20140204,,0100000016,EUR,325.94,273.9,52.04,X,I,I
0500000387,0000000033,20140122,0000000033,20140205,,0100000015,EUR,24220.07,20353,3867.07,X,I,I
0500000388,0000000033,20140123,0000000033,20140206,,0100000013,EUR,4499.87,3781.4,718.47,X,I,I
0500000389,0000000033,20140124,0000000033,20140207,,0100000013,EUR,2727.24,2291.8,435.44,N,I,I
0500000390,0000000033,20140125,0000000033,20140208,,0100000014,EUR,530.62,445.9,84.72,P,I,D
0500000391,0000000033,20140126,0000000033,20140209,,0100000017,EUR,803.25,675,128.25,P,P,I
0500000392,0000000033,20140127,0000000033,20140210,,0100000011,EUR,178.14,149.7,28.44,C,P,D
0500000393,0000000033,20140128,0000000033,20140211,,0100000015,EUR,871.55,732.4,139.15,X,I,I
0500000394,0000000033,20140129,0000000033,20140212,,0100000018,EUR,6543.8,5499,1044.8,N,I,I
0500000395,0000000033,20140130,0000000033,20140213,,0100000012,EUR,113032.74,94985.5,18047.24,P,I,D
0500000396,0000000033,20140131,0000000033,20140214,,0100000011,EUR,114.24,96,18.24,P,P,D
0500000397,0000000033,20140201,0000000033,20140215,,0100000014,EUR,521.22,438,83.22,X,I,I
0500000398,0000000033,20140202,0000000033,20140216,,0100000013,EUR,411.5,345.8,65.7,P,P,D
0500000399,0000000033,20140203,0000000033,20140217,,0100000015,EUR,11379.97,9563,1816.97,X,I,I
0500000400,0000000033,20140204,0000000033,20140218,,0100000028,EUR,26581.03,22337,4244.03,C,P,D
0500000401,0000000033,20140205,0000000033,20140219,,0100000030,EUR,9417.66,7914,1503.66,P,I,I
0500000402,0000000033,20140206,0000000033,20140220,,0100000031,EUR,5631.08,4732,899.08,N,I,I
0500000403,0000000033,20140207,0000000033,20140221,,0100000032,EUR,1405.39,1181,224.39,X,I,I
0500000404,0000000033,20140208,0000000033,20140222,,0100000032,EUR,761.24,639.7,121.54,P,P,I
0500000405,0000000033,20140209,0000000033,20140223,,0100000033,EUR,101299.22,85125.4,16173.82,C,P,D
0500000406,0000000033,20140210,0000000033,20140224,,0100000034,EUR,250.73,210.7,40.03,X,I,I
0500000407,0000000033,20140211,0000000033,20140225,,0100000035,EUR,10549.35,8865,1684.35,X,I,I
0500000408,0000000033,20140212,0000000033,20140226,,0100000027,EUR,195.16,164,31.16,X,I,I
0500000409,0000000033,20140213,0000000033,20140227,,0100000028,EUR,3972.22,3338,634.22,C,P,D
0500000410,0000000033,20140214,0000000033,20140228,,0100000030,EUR,3598.92,3024.3,574.62,C,P,D
0500000411,0000000033,20140215,0000000033,20140228,,0100000035,EUR,325.94,273.9,52.04,X,I,I
0500000412,0000000033,20140216,0000000033,20140301,,0100000031,EUR,24395,20500,3895,X,I,I
0500000413,0000000033,20140217,0000000033,20140302,,0100000032,EUR,5527.55,4645,882.55,X,I,I
0500000414,0000000033,20140218,0000000033,20140303,,0100000032,EUR,3459.33,2907,552.33,P,I,I
0500000415,0000000033,20140219,0000000033,20140304,,0100000033,EUR,852.04,716,136.04,X,I,I
0500000416,0000000033,20140220,0000000033,20140305,,0100000035,EUR,1916.5,1610.5,306,X,I,I
0500000417,0000000033,20140221,0000000033,20140306,,0100000031,EUR,178.14,149.7,28.44,N,I,I
0500000418,0000000033,20140222,0000000033,20140307,,0100000030,EUR,871.55,732.4,139.15,C,P,D
0500000419,0000000033,20140223,0000000033,20140308,,0100000027,EUR,1028.15,864,164.15,N,I,I
0500000420,0000000033,20140224,0000000033,20140309,,0100000028,EUR,5523.38,4641.5,881.88,P,P,D
0500000421,0000000033,20140225,0000000033,20140310,,0100000030,EUR,187.54,157.6,29.94,X,I,I
0500000422,0000000033,20140226,0000000033,20140311,,0100000032,EUR,521.22,438,83.22,P,I,I
0500000423,0000000033,20140227,0000000033,20140312,,0100000033,EUR,411.5,345.8,65.7,C,P,D
0500000424,0000000033,20140228,0000000033,20140313,,0100000031,EUR,11552.52,9708,1844.52,C,P,D
0500000425,0000000033,20140228,0000000033,20140314,,0100000034,EUR,26581.03,22337,4244.03,N,I,I
0500000426,0000000033,20140301,0000000033,20140315,,0100000034,EUR,9417.66,7914,1503.66,C,P,D
0500000427,0000000033,20140302,0000000033,20140316,,0100000034,EUR,5631.08,4732,899.08,N,I,I
0500000428,0000000033,20140303,0000000033,20140317,,0100000033,EUR,1405.39,1181,224.39,N,I,I
0500000429,0000000033,20140304,0000000033,20140318,,0100000035,EUR,761.24,639.7,121.54,N,I,I
0500000430,0000000033,20140305,0000000033,20140319,,0100000032,EUR,101299.22,85125.4,16173.82,C,P,D
0500000431,0000000033,20140306,0000000033,20140320,,0100000035,EUR,250.73,210.7,40.03,C,P,D
0500000432,0000000033,20140307,0000000033,20140321,,0100000032,EUR,10549.35,8865,1684.35,P,I,D
0500000433,0000000033,20140308,0000000033,20140322,,0100000027,EUR,195.16,164,31.16,X,I,I
0500000434,0000000033,20140309,0000000033,20140323,,0100000028,EUR,107100,90000,17100,X,I,I
0500000435,0000000033,20140310,0000000033,20140324,,0100000030,EUR,4415.73,3710.7,705.03,C,P,D
0500000436,0000000033,20140311,0000000033,20140325,,0100000034,EUR,325.94,273.9,52.04,N,I,I
0500000437,0000000033,20140312,0000000033,20140326,,0100000031,EUR,24220.07,20353,3867.07,N,I,I
0500000438,0000000033,20140313,0000000033,20140327,,0100000032,EUR,4499.87,3781.4,718.47,P,P,D
0500000439,0000000033,20140314,0000000033,20140328,,0100000032,EUR,2727.24,2291.8,435.44,C,P,D
0500000440,0000000033,20140315,0000000033,20140329,,0100000033,EUR,530.62,445.9,84.72,P,I,I
0500000441,0000000033,20140316,0000000033,20140330,,0100000035,EUR,803.25,675,128.25,C,P,D
0500000442,0000000033,20140317,0000000033,20140331,,0100000030,EUR,178.14,149.7,28.44,P,P,I
0500000443,0000000033,20140318,0000000033,20140401,,0100000031,EUR,871.55,732.4,139.15,X,I,I
0500000444,0000000033,20140319,0000000033,20140402,,0100000027,EUR,6543.8,5499,1044.8,X,I,I
0500000445,0000000033,20140320,0000000033,20140403,,0100000028,EUR,113032.74,94985.5,18047.24,X,I,I
0500000446,0000000033,20140321,0000000033,20140404,,0100000030,EUR,114.24,96,18.24,N,I,I
0500000447,0000000033,20140322,0000000033,20140405,,0100000033,EUR,521.22,438,83.22,X,I,I
0500000448,0000000033,20140323,0000000033,20140406,,0100000032,EUR,411.5,345.8,65.7,N,I,I
0500000449,0000000033,20140324,0000000033,20140407,,0100000031,EUR,11379.97,9563,1816.97,P,P,I
0500000450,0000000033,20140325,0000000033,20140408,,0100000044,EUR,26581.03,22337,4244.03,P,I,D
0500000451,0000000033,20140326,0000000033,20140409,,0100000036,EUR,9417.66,7914,1503.66,X,I,I
0500000452,0000000033,20140327,0000000033,20140410,,0100000038,EUR,5631.08,4732,899.08,N,I,I
0500000453,0000000033,20140328,0000000033,20140411,,0100000037,EUR,1405.39,1181,224.39,C,P,D
0500000454,0000000033,20140329,0000000033,20140412,,0100000037,EUR,761.24,639.7,121.54,C,P,D
0500000455,0000000033,20140330,0000000033,20140413,,0100000042,EUR,101299.22,85125.4,16173.82,X,I,I
0500000456,0000000033,20140331,0000000033,20140414,,0100000044,EUR,250.73,210.7,40.03,N,I,I
0500000457,0000000033,20140401,0000000033,20140415,,0100000041,EUR,10549.35,8865,1684.35,C,P,D
0500000458,0000000033,20140402,0000000033,20140416,,0100000043,EUR,195.16,164,31.16,P,P,D
0500000459,0000000033,20140403,0000000033,20140417,,0100000044,EUR,3972.22,3338,634.22,N,I,I
0500000460,0000000033,20140404,0000000033,20140418,,0100000036,EUR,3598.92,3024.3,574.62,N,I,I
0500000461,0000000033,20140405,0000000033,20140419,,0100000041,EUR,325.94,273.9,52.04,N,I,I
0500000462,0000000033,20140406,0000000033,20140420,,0100000038,EUR,24395,20500,3895,P,P,D
0500000463,0000000033,20140407,0000000033,20140421,,0100000037,EUR,5527.55,4645,882.55,N,I,I
0500000464,0000000033,20140408,0000000033,20140422,,0100000037,EUR,3459.33,2907,552.33,P,I,D
0500000465,0000000033,20140409,0000000033,20140423,,0100000042,EUR,852.04,716,136.04,P,P,I
0500000466,0000000033,20140410,0000000033,20140424,,0100000041,EUR,1916.5,1610.5,306,N,I,I
0500000467,0000000033,20140411,0000000033,20140425,,0100000038,EUR,178.14,149.7,28.44,X,I,I
0500000468,0000000033,20140412,0000000033,20140426,,0100000036,EUR,871.55,732.4,139.15,C,P,D
0500000469,0000000033,20140413,0000000033,20140427,,0100000043,EUR,1028.15,864,164.15,N,I,I
0500000470,0000000033,20140414,0000000033,20140428,,0100000044,EUR,5523.38,4641.5,881.88,P,P,D
0500000471,0000000033,20140415,0000000033,20140429,,0100000036,EUR,187.54,157.6,29.94,P,I,I
0500000472,0000000033,20140416,0000000033,20140430,,0100000037,EUR,521.22,438,83.22,N,I,I
0500000473,0000000033,20140417,0000000033,20140501,,0100000042,EUR,411.5,345.8,65.7,P,P,D
0500000474,0000000033,20140418,0000000033,20140502,,0100000038,EUR,11552.52,9708,1844.52,C,P,D
0500000475,0000000033,20140419,0000000033,20140503,,0100000044,EUR,26581.03,22337,4244.03,X,I,I
0500000476,0000000033,20140420,0000000033,20140504,,0100000044,EUR,9417.66,7914,1503.66,N,I,I
0500000477,0000000033,20140421,0000000033,20140505,,0100000044,EUR,5631.08,4732,899.08,P,P,I
0500000478,0000000033,20140422,0000000033,20140506,,0100000042,EUR,1405.39,1181,224.39,P,P,D
0500000479,0000000033,20140423,0000000033,20140507,,0100000041,EUR,761.24,639.7,121.54,X,I,I
0500000480,0000000033,20140424,0000000033,20140508,,0100000037,EUR,101299.22,85125.4,16173.82,X,I,I
0500000481,0000000033,20140425,0000000033,20140509,,0100000041,EUR,250.73,210.7,40.03,N,I,I
0500000482,0000000033,20140426,0000000033,20140510,,0100000037,EUR,10549.35,8865,1684.35,X,I,I
0500000483,0000000033,20140427,0000000033,20140511,,0100000043,EUR,195.16,164,31.16,P,P,D
0500000484,0000000033,20140428,0000000033,20140512,,0100000044,EUR,107100,90000,17100,P,P,D
0500000485,0000000033,20140429,0000000033,20140513,,0100000036,EUR,4415.73,3710.7,705.03,N,I,I
0500000486,0000000033,20140430,0000000033,20140514,,0100000044,EUR,325.94,273.9,52.04,X,I,I
0500000487,0000000033,20140501,0000000033,20140515,,0100000038,EUR,24220.07,20353,3867.07,C,P,D
0500000488,0000000033,20140502,0000000033,20140516,,0100000037,EUR,4499.87,3781.4,718.47,C,P,D
0500000489,0000000033,20140503,0000000033,20140517,,0100000037,EUR,2727.24,2291.8,435.44,P,P,D
0500000490,0000000033,20140504,0000000033,20140518,,0100000042,EUR,530.62,445.9,84.72,C,P,D
0500000491,0000000033,20140505,0000000033,20140519,,0100000041,EUR,803.25,675,128.25,C,P,D
0500000492,0000000033,20140506,0000000033,20140520,,0100000036,EUR,178.14,149.7,28.44,P,I,I
0500000493,0000000033,20140507,0000000033,20140521,,0100000038,EUR,871.55,732.4,139.15,C,P,D
0500000494,0000000033,20140508,0000000033,20140522,,0100000043,EUR,6543.8,5499,1044.8,P,I,I
0500000495,0000000033,20140509,0000000033,20140523,,0100000044,EUR,113032.74,94985.5,18047.24,C,P,D
0500000496,0000000033,20140510,0000000033,20140524,,0100000036,EUR,114.24,96,18.24,N,I,I
0500000497,0000000033,20140511,0000000033,20140525,,0100000042,EUR,521.22,438,83.22,X,I,I
0500000498,0000000033,20140512,0000000033,20140526,,0100000037,EUR,411.5,345.8,65.7,P,P,D
0500000499,0000000033,20140513,0000000033,20140527,,0100000038,EUR,11379.97,9563,1816.97,P,I,D
0500000500,0000000033,20140514,0000000033,20140528,,0100000000,EUR,26581.03,22337,4244.03,N,I,I
0500000501,0000000033,20140515,0000000033,20140529,,0100000002,EUR,9417.66,7914,1503.66,N,I,I
0500000502,0000000033,20140516,0000000033,20140530,,0100000005,EUR,5631.08,4732,899.08,P,I,D
0500000503,0000000033,20140517,0000000033,20140531,,0100000006,EUR,1405.39,1181,224.39,C,P,D
0500000504,0000000033,20140518,0000000033,20140601,,0100000006,EUR,761.24,639.7,121.54,C,P,D
0500000505,0000000033,20140519,0000000033,20140602,,0100000008,EUR,101299.22,85125.4,16173.82,X,I,I
0500000506,0000000033,20140520,0000000033,20140603,,0100000003,EUR,250.73,210.7,40.03,P,P,D
0500000507,0000000033,20140521,0000000033,20140604,,0100000004,EUR,10549.35,8865,1684.35,C,P,D
0500000508,0000000033,20140522,0000000033,20140605,,0100000009,EUR,195.16,164,31.16,P,P,D
0500000509,0000000033,20140523,0000000033,20140606,,0100000000,EUR,3972.22,3338,634.22,X,I,I
0500000510,0000000033,20140524,0000000033,20140607,,0100000002,EUR,3598.92,3024.3,574.62,N,I,I
0500000511,0000000033,20140525,0000000033,20140608,,0100000004,EUR,325.94,273.9,52.04,X,I,I
0500000512,0000000033,20140526,0000000033,20140609,,0100000005,EUR,24395,20500,3895,C,P,D
0500000513,0000000033,20140527,0000000033,20140610,,0100000006,EUR,5527.55,4645,882.55,X,I,I
0500000514,0000000033,20140528,0000000033,20140611,,0100000006,EUR,3459.33,2907,552.33,N,I,I
0500000515,0000000033,20140529,0000000033,20140612,,0100000008,EUR,852.04,716,136.04,P,P,D
0500000516,0000000033,20140530,0000000033,20140613,,0100000004,EUR,1916.5,1610.5,306,X,I,I
0500000517,0000000033,20140531,0000000033,20140614,,0100000005,EUR,178.14,149.7,28.44,X,I,I
0500000518,0000000033,20140601,0000000033,20140615,,0100000002,EUR,871.55,732.4,139.15,X,I,I
0500000519,0000000033,20140602,0000000033,20140616,,0100000009,EUR,1028.15,864,164.15,C,P,D
0500000520,0000000033,20140603,0000000033,20140617,,0100000000,EUR,5523.38,4641.5,881.88,X,I,I
0500000521,0000000033,20140604,0000000033,20140618,,0100000002,EUR,187.54,157.6,29.94,N,I,I
0500000522,0000000033,20140605,0000000033,20140619,,0100000006,EUR,521.22,438,83.22,P,I,I
0500000523,0000000033,20140606,0000000033,20140620,,0100000008,EUR,411.5,345.8,65.7,N,I,I
0500000524,0000000033,20140607,0000000033,20140621,,0100000005,EUR,11552.52,9708,1844.52,P,I,I
0500000525,0000000033,20140608,0000000033,20140622,,0100000003,EUR,26581.03,22337,4244.03,N,I,I
0500000526,0000000033,20140609,0000000033,20140623,,0100000003,EUR,9417.66,7914,1503.66,N,I,I
0500000527,0000000033,20140610,0000000033,20140624,,0100000003,EUR,5631.08,4732,899.08,P,P,I
0500000528,0000000033,20140611,0000000033,20140625,,0100000008,EUR,1405.39,1181,224.39,P,P,D
0500000529,0000000033,20140612,0000000033,20140626,,0100000004,EUR,761.24,639.7,121.54,C,P,D
0500000530,0000000033,20140613,0000000033,20140627,,0100000006,EUR,101299.22,85125.4,16173.82,C,P,D
0500000531,0000000033,20140614,0000000033,20140628,,0100000004,EUR,250.73,210.7,40.03,X,I,I
0500000532,0000000033,20140615,0000000033,20140629,,0100000006,EUR,10549.35,8865,1684.35,C,P,D
0500000533,0000000033,20140616,0000000033,20140630,,0100000009,EUR,195.16,164,31.16,N,I,I
0500000534,0000000033,20140617,0000000033,20140701,,0100000000,EUR,107100,90000,17100,N,I,I
0500000535,0000000033,20140618,0000000033,20140702,,0100000002,EUR,4415.73,3710.7,705.03,X,I,I
0500000536,0000000033,20140619,0000000033,20140703,,0100000003,EUR,325.94,273.9,52.04,N,I,I
0500000537,0000000033,20140620,0000000033,20140704,,0100000005,EUR,24220.07,20353,3867.07,P,I,I
0500000538,0000000033,20140621,0000000033,20140705,,0100000006,EUR,4499.87,3781.4,718.47,N,I,I
0500000539,0000000033,20140622,0000000033,20140706,,0100000006,EUR,2727.24,2291.8,435.44,P,I,I
0500000540,0000000033,20140623,0000000033,20140707,,0100000008,EUR,530.62,445.9,84.72,P,P,I
0500000541,0000000033,20140624,0000000033,20140708,,0100000004,EUR,803.25,675,128.25,N,I,I
0500000542,0000000033,20140625,0000000033,20140709,,0100000002,EUR,178.14,149.7,28.44,X,I,I
0500000543,0000000033,20140626,0000000033,20140710,,0100000005,EUR,871.55,732.4,139.15,C,P,D
0500000544,0000000033,20140627,0000000033,20140711,,0100000009,EUR,6543.8,5499,1044.8,C,P,D
0500000545,0000000033,20140628,0000000033,20140712,,0100000000,EUR,113032.74,94985.5,18047.24,X,I,I
0500000546,0000000033,20140629,0000000033,20140713,,0100000002,EUR,114.24,96,18.24,C,P,D
0500000547,0000000033,20140630,0000000033,20140714,,0100000008,EUR,521.22,438,83.22,P,P,D
0500000548,0000000033,20140701,0000000033,20140715,,0100000006,EUR,411.5,345.8,65.7,N,I,I
0500000549,0000000033,20140702,0000000033,20140716,,0100000005,EUR,11379.97,9563,1816.97,N,I,I
0500000550,0000000033,20140703,0000000033,20140717,,0100000026,EUR,26581.03,22337,4244.03,X,I,I
0500000551,0000000033,20140704,0000000033,20140718,,0100000025,EUR,9417.66,7914,1503.66,X,I,I
0500000552,0000000033,20140705,0000000033,20140719,,0100000022,EUR,5631.08,4732,899.08,C,P,D
0500000553,0000000033,20140706,0000000033,20140720,,0100000024,EUR,1405.39,1181,224.39,N,I,I
0500000554,0000000033,20140707,0000000033,20140721,,0100000024,EUR,761.24,639.7,121.54,P,P,D
0500000555,0000000033,20140708,0000000033,20140722,,0100000021,EUR,101299.22,85125.4,16173.82,X,I,I
0500000556,0000000033,20140709,0000000033,20140723,,0100000023,EUR,250.73,210.7,40.03,C,P,D
0500000557,0000000033,20140710,0000000033,20140724,,0100000019,EUR,10549.35,8865,1684.35,C,P,D
0500000558,0000000033,20140711,0000000033,20140725,,0100000026,EUR,195.16,164,31.16,P,P,I
0500000559,0000000033,20140712,0000000033,20140726,,0100000026,EUR,3972.22,3338,634.22,X,I,I
0500000560,0000000033,20140713,0000000033,20140727,,0100000025,EUR,3598.92,3024.3,574.62,P,P,I
0500000561,0000000033,20140714,0000000033,20140728,,0100000019,EUR,325.94,273.9,52.04,N,I,I
0500000562,0000000033,20140715,0000000033,20140729,,0100000022,EUR,24395,20500,3895,P,I,I
0500000563,0000000033,20140716,0000000033,20140730,,0100000024,EUR,5527.55,4645,882.55,X,I,I
0500000564,0000000033,20140717,0000000033,20140731,,0100000024,EUR,3459.33,2907,552.33,P,P,D
0500000565,0000000033,20140718,0000000033,20140801,,0100000021,EUR,852.04,716,136.04,C,P,D
0500000566,0000000033,20140719,0000000033,20140802,,0100000019,EUR,1916.5,1610.5,306,N,I,I
0500000567,0000000033,20140720,0000000033,20140803,,0100000022,EUR,178.14,149.7,28.44,P,I,I
0500000568,0000000033,20140721,0000000033,20140804,,0100000025,EUR,871.55,732.4,139.15,X,I,I
0500000569,0000000033,20140722,0000000033,20140805,,0100000026,EUR,1028.15,864,164.15,N,I,I
0500000570,0000000033,20140723,0000000033,20140806,,0100000026,EUR,5523.38,4641.5,881.88,X,I,I
0500000571,0000000033,20140724,0000000033,20140807,,0100000025,EUR,187.54,157.6,29.94,X,I,I
0500000572,0000000033,20140725,0000000033,20140808,,0100000024,EUR,521.22,438,83.22,X,I,I
0500000573,0000000033,20140726,0000000033,20140809,,0100000021,EUR,411.5,345.8,65.7,N,I,I
0500000574,0000000033,20140727,0000000033,20140810,,0100000022,EUR,11552.52,9708,1844.52,P,P,D
0500000575,0000000033,20140728,0000000033,20140811,,0100000023,EUR,26581.03,22337,4244.03,C,P,D
0500000576,0000000033,20140729,0000000033,20140812,,0100000023,EUR,9417.66,7914,1503.66,X,I,I
0500000577,0000000033,20140730,0000000033,20140813,,0100000023,EUR,5631.08,4732,899.08,N,I,I
0500000578,0000000033,20140731,0000000033,20140814,,0100000021,EUR,1405.39,1181,224.39,P,I,D
0500000579,0000000033,20140801,0000000033,20140815,,0100000019,EUR,761.24,639.7,121.54,C,P,D
0500000580,0000000033,20140802,0000000033,20140816,,0100000024,EUR,101299.22,85125.4,16173.82,N,I,I
0500000581,0000000033,20140803,0000000033,20140817,,0100000019,EUR,250.73,210.7,40.03,N,I,I
0500000582,0000000033,20140804,0000000033,20140818,,0100000024,EUR,10549.35,8865,1684.35,N,I,I
0500000583,0000000033,20140805,0000000033,20140819,,0100000026,EUR,195.16,164,31.16,P,P,D
0500000584,0000000033,20140806,0000000033,20140820,,0100000026,EUR,107100,90000,17100,P,I,I
0500000585,0000000033,20140807,0000000033,20140821,,0100000025,EUR,4415.73,3710.7,705.03,P,I,I
0500000586,0000000033,20140808,0000000033,20140822,,0100000023,EUR,325.94,273.9,52.04,N,I,I
0500000587,0000000033,20140809,0000000033,20140823,,0100000022,EUR,24220.07,20353,3867.07,P,I,D
0500000588,0000000033,20140810,0000000033,20140824,,0100000024,EUR,4499.87,3781.4,718.47,P,P,D
0500000589,0000000033,20140811,0000000033,20140825,,0100000024,EUR,2727.24,2291.8,435.44,C,P,D
0500000590,0000000033,20140812,0000000033,20140826,,0100000021,EUR,530.62,445.9,84.72,N,I,I
0500000591,0000000033,20140813,0000000033,20140827,,0100000019,EUR,803.25,675,128.25,C,P,D
0500000592,0000000033,20140814,0000000033,20140828,,0100000025,EUR,178.14,149.7,28.44,P,P,D
0500000593,0000000033,20140815,0000000033,20140829,,0100000022,EUR,871.55,732.4,139.15,X,I,I
0500000594,0000000033,20140816,0000000033,20140830,,0100000026,EUR,6543.8,5499,1044.8,X,I,I
0500000595,0000000033,20140817,0000000033,20140831,,0100000026,EUR,113032.74,94985.5,18047.24,X,I,I
0500000596,0000000033,20140818,0000000033,20140901,,0100000025,EUR,114.24,96,18.24,P,P,D
0500000597,0000000033,20140819,0000000033,20140902,,0100000021,EUR,521.22,438,83.22,N,I,I
0500000598,0000000033,20140820,0000000033,20140903,,0100000024,EUR,411.5,345.8,65.7,X,I,I
0500000599,0000000033,20140821,0000000033,20140904,,0100000022,EUR,11379.97,9563,1816.97,P,P,I
0500000600,0000000033,20140822,0000000033,20140905,,0100000012,EUR,26581.03,22337,4244.03,N,I,I
0500000601,0000000033,20140823,0000000033,20140906,,0100000011,EUR,9417.66,7914,1503.66,X,I,I
0500000602,0000000033,20140824,0000000033,20140907,,0100000015,EUR,5631.08,4732,899.08,P,P,D
0500000603,0000000033,20140825,0000000033,20140908,,0100000013,EUR,1405.39,1181,224.39,P,P,D
0500000604,0000000033,20140826,0000000033,20140909,,0100000013,EUR,761.24,639.7,121.54,X,I,I
0500000605,0000000033,20140827,0000000033,20140910,,0100000014,EUR,101299.22,85125.4,16173.82,C,P,D
0500000606,0000000033,20140828,0000000033,20140911,,0100000016,EUR,250.73,210.7,40.03,X,I,I
0500000607,0000000033,20140829,0000000033,20140912,,0100000017,EUR,10549.35,8865,1684.35,C,P,D
0500000608,0000000033,20140830,0000000033,20140913,,0100000018,EUR,195.16,164,31.16,C,P,D
0500000609,0000000033,20140831,0000000033,20140914,,0100000012,EUR,3972.22,3338,634.22,X,I,I
0500000610,0000000033,20140901,0000000033,20140915,,0100000011,EUR,3598.92,3024.3,574.62,P,P,I
0500000611,0000000033,20140902,0000000033,20140916,,0100000017,EUR,325.94,273.9,52.04,N,I,I
0500000612,0000000033,20140903,0000000033,20140917,,0100000015,EUR,24395,20500,3895,X,I,I
0500000613,0000000033,20140904,0000000033,20140918,,0100000013,EUR,5527.55,4645,882.55,X,I,I
0500000614,0000000033,20140905,0000000033,20140919,,0100000013,EUR,3459.33,2907,552.33,N,I,I
0500000615,0000000033,20140906,0000000033,20140920,,0100000014,EUR,852.04,716,136.04,C,P,D
0500000616,0000000033,20140907,0000000033,20140921,,0100000017,EUR,1916.5,1610.5,306,C,P,D
0500000617,0000000033,20140908,0000000033,20140922,,0100000015,EUR,178.14,149.7,28.44,P,P,I
0500000618,0000000033,20140909,0000000033,20140923,,0100000011,EUR,871.55,732.4,139.15,C,P,D
0500000619,0000000033,20140910,0000000033,20140924,,0100000018,EUR,1028.15,864,164.15,P,P,D
0500000620,0000000033,20140911,0000000033,20140925,,0100000012,EUR,5523.38,4641.5,881.88,C,P,D
0500000621,0000000033,20140912,0000000033,20140926,,0100000011,EUR,187.54,157.6,29.94,N,I,I
0500000622,0000000033,20140913,0000000033,20140927,,0100000013,EUR,521.22,438,83.22,N,I,I
0500000623,0000000033,20140914,0000000033,20140928,,0100000014,EUR,411.5,345.8,65.7,X,I,I
0500000624,0000000033,20140915,0000000033,20140929,,0100000015,EUR,11552.52,9708,1844.52,X,I,I
0500000625,0000000033,20140916,0000000033,20140930,,0100000016,EUR,26581.03,22337,4244.03,C,P,D
0500000626,0000000033,20140917,0000000033,20141001,,0100000016,EUR,9417.66,7914,1503.66,N,I,I
0500000627,0000000033,20140918,0000000033,20141002,,0100000016,EUR,5631.08,4732,899.08,C,P,D
0500000628,0000000033,20140919,0000000033,20141003,,0100000014,EUR,1405.39,1181,224.39,N,I,I
0500000629,0000000033,20140920,0000000033,20141004,,0100000017,EUR,761.24,639.7,121.54,N,I,I
0500000630,0000000033,20140921,0000000033,20141005,,0100000013,EUR,101299.22,85125.4,16173.82,P,I,D
0500000631,0000000033,20140922,0000000033,20141006,,0100000017,EUR,250.73,210.7,40.03,X,I,I
0500000632,0000000033,20140923,0000000033,20141007,,0100000013,EUR,10549.35,8865,1684.35,N,I,I
0500000633,0000000033,20140924,0000000033,20141008,,0100000018,EUR,195.16,164,31.16,P,I,D
0500000634,0000000033,20140925,0000000033,20141009,,0100000012,EUR,107100,90000,17100,P,P,D
0500000635,0000000033,20140926,0000000033,20141010,,0100000011,EUR,4415.73,3710.7,705.03,C,P,D
0500000636,0000000033,20140927,0000000033,20141011,,0100000016,EUR,325.94,273.9,52.04,P,P,D
0500000637,0000000033,20140928,0000000033,20141012,,0100000015,EUR,24220.07,20353,3867.07,X,I,I
0500000638,0000000033,20140929,0000000033,20141013,,0100000013,EUR,4499.87,3781.4,718.47,P,P,I
0500000639,0000000033,20140930,0000000033,20141014,,0100000013,EUR,2727.24,2291.8,435.44,X,I,I
0500000640,0000000033,20141001,0000000033,20141015,,0100000014,EUR,530.62,445.9,84.72,N,I,I
0500000641,0000000033,20141002,0000000033,20141016,,0100000017,EUR,803.25,675,128.25,N,I,I
0500000642,0000000033,20141003,0000000033,20141017,,0100000011,EUR,178.14,149.7,28.44,C,P,D
0500000643,0000000033,20141004,0000000033,20141018,,0100000015,EUR,871.55,732.4,139.15,P,I,I
0500000644,0000000033,20141005,0000000033,20141019,,0100000018,EUR,6543.8,5499,1044.8,P,P,D
0500000645,0000000033,20141006,0000000033,20141020,,0100000012,EUR,113032.74,94985.5,18047.24,C,P,D
0500000646,0000000033,20141007,0000000033,20141021,,0100000011,EUR,114.24,96,18.24,P,P,D
0500000647,0000000033,20141008,0000000033,20141022,,0100000014,EUR,521.22,438,83.22,N,I,I
0500000648,0000000033,20141009,0000000033,20141023,,0100000013,EUR,411.5,345.8,65.7,X,I,I
0500000649,0000000033,20141010,0000000033,20141024,,0100000015,EUR,11379.97,9563,1816.97,P,P,I
0500000650,0000000033,20141011,0000000033,20141025,,0100000028,EUR,26581.03,22337,4244.03,X,I,I
0500000651,0000000033,20141012,0000000033,20141026,,0100000030,EUR,9417.66,7914,1503.66,C,P,D
0500000652,0000000033,20141013,0000000033,20141027,,0100000031,EUR,5631.08,4732,899.08,N,I,I
0500000653,0000000033,20141014,0000000033,20141028,,0100000032,EUR,1405.39,1181,224.39,P,I,I
0500000654,0000000033,20141015,0000000033,20141029,,0100000032,EUR,761.24,639.7,121.54,P,I,I
0500000655,0000000033,20141016,0000000033,20141030,,0100000033,EUR,101299.22,85125.4,16173.82,P,P,I
0500000656,0000000033,20141017,0000000033,20141031,,0100000034,EUR,250.73,210.7,40.03,P,I,I
0500000657,0000000033,20141018,0000000033,20141101,,0100000035,EUR,10549.35,8865,1684.35,P,I,I
0500000658,0000000033,20141019,0000000033,20141102,,0100000027,EUR,195.16,164,31.16,P,P,D
0500000659,0000000033,20141020,0000000033,20141103,,0100000028,EUR,3972.22,3338,634.22,C,P,D
0500000660,0000000033,20141021,0000000033,20141104,,0100000030,EUR,3598.92,3024.3,574.62,X,I,I
0500000661,0000000033,20141022,0000000033,20141105,,0100000035,EUR,325.94,273.9,52.04,C,P,D
0500000662,0000000033,20141023,0000000033,20141106,,0100000031,EUR,24395,20500,3895,C,P,D
0500000663,0000000033,20141024,0000000033,20141107,,0100000032,EUR,5527.55,4645,882.55,P,I,D
0500000664,0000000033,20141025,0000000033,20141108,,0100000032,EUR,3459.33,2907,552.33,P,P,D
0500000665,0000000033,20141026,0000000033,20141109,,0100000033,EUR,852.04,716,136.04,C,P,D
0500000666,0000000033,20141027,0000000033,20141110,,0100000035,EUR,1916.5,1610.5,306,X,I,I
0500000667,0000000033,20141028,0000000033,20141111,,0100000031,EUR,178.14,149.7,28.44,C,P,D
0500000668,0000000033,20141029,0000000033,20141112,,0100000030,EUR,871.55,732.4,139.15,N,I,I
0500000669,0000000033,20141030,0000000033,20141113,,0100000027,EUR,1028.15,864,164.15,X,I,I
0500000670,0000000033,20141031,0000000033,20141114,,0100000028,EUR,5523.38,4641.5,881.88,C,P,D
0500000671,0000000033,20141101,0000000033,20141115,,0100000030,EUR,187.54,157.6,29.94,N,I,I
0500000672,0000000033,20141102,0000000033,20141116,,0100000032,EUR,521.22,438,83.22,C,P,D
0500000673,0000000033,20141103,0000000033,20141117,,0100000033,EUR,411.5,345.8,65.7,X,I,I
0500000674,0000000033,20141104,0000000033,20141118,,0100000031,EUR,11552.52,9708,1844.52,P,I,I
0500000675,0000000033,20141105,0000000033,20141119,,0100000034,EUR,26581.03,22337,4244.03,X,I,I
0500000676,0000000033,20141106,0000000033,20141120,,0100000034,EUR,9417.66,7914,1503.66,X,I,I
0500000677,0000000033,20141107,0000000033,20141121,,0100000034,EUR,5631.08,4732,899.08,C,P,D
0500000678,0000000033,20141108,0000000033,20141122,,0100000033,EUR,1405.39,1181,224.39,C,P,D
0500000679,0000000033,20141109,0000000033,20141123,,0100000035,EUR,761.24,639.7,121.54,C,P,D
0500000680,0000000033,20141110,0000000033,20141124,,0100000032,EUR,101299.22,85125.4,16173.82,X,I,I
0500000681,0000000033,20141111,0000000033,20141125,,0100000035,EUR,250.73,210.7,40.03,C,P,D
0500000682,0000000033,20141112,0000000033,20141126,,0100000032,EUR,10549.35,8865,1684.35,C,P,D
0500000683,0000000033,20141113,0000000033,20141127,,0100000027,EUR,195.16,164,31.16,X,I,I
0500000684,0000000033,20141114,0000000033,20141128,,0100000028,EUR,107100,90000,17100,N,I,I
0500000685,0000000033,20141115,0000000033,20141129,,0100000030,EUR,4415.73,3710.7,705.03,C,P,D
0500000686,0000000033,20141116,0000000033,20141130,,0100000034,EUR,325.94,273.9,52.04,X,I,I
0500000687,0000000033,20141117,0000000033,20141201,,0100000031,EUR,24220.07,20353,3867.07,N,I,I
0500000688,0000000033,20141118,0000000033,20141202,,0100000032,EUR,4499.87,3781.4,718.47,N,I,I
0500000689,0000000033,20141119,0000000033,20141203,,0100000032,EUR,2727.24,2291.8,435.44,N,I,I
0500000690,0000000033,20141120,0000000033,20141204,,0100000033,EUR,530.62,445.9,84.72,C,P,D
0500000691,0000000033,20141121,0000000033,20141205,,0100000035,EUR,803.25,675,128.25,C,P,D
0500000692,0000000033,20141122,0000000033,20141206,,0100000030,EUR,178.14,149.7,28.44,N,I,I
0500000693,0000000033,20141123,0000000033,20141207,,0100000031,EUR,871.55,732.4,139.15,C,P,D
0500000694,0000000033,20141124,0000000033,20141208,,0100000027,EUR,6543.8,5499,1044.8,X,I,I
0500000695,0000000033,20141125,0000000033,20141209,,0100000028,EUR,113032.74,94985.5,18047.24,N,I,I
0500000696,0000000033,20141126,0000000033,20141210,,0100000030,EUR,114.24,96,18.24,X,I,I
0500000697,0000000033,20141127,0000000033,20141211,,0100000033,EUR,521.22,438,83.22,P,I,I
0500000698,0000000033,20141128,0000000033,20141212,,0100000032,EUR,411.5,345.8,65.7,C,P,D
0500000699,0000000033,20141129,0000000033,20141213,,0100000031,EUR,11379.97,9563,1816.97,P,P,D
0500000700,0000000033,20141130,0000000033,20141214,,0100000044,EUR,26581.03,22337,4244.03,X,I,I
0500000701,0000000033,20141201,0000000033,20141215,,0100000036,EUR,9417.66,7914,1503.66,C,P,D
0500000702,0000000033,20141202,0000000033,20141216,,0100000038,EUR,5631.08,4732,899.08,C,P,D
0500000703,0000000033,20141203,0000000033,20141217,,0100000037,EUR,1405.39,1181,224.39,C,P,D
0500000704,0000000033,20141204,0000000033,20141218,,0100000037,EUR,761.24,639.7,121.54,N,I,I
0500000705,0000000033,20141205,0000000033,20141219,,0100000042,EUR,101299.22,85125.4,16173.82,P,P,I
0500000706,0000000033,20141206,0000000033,20141220,,0100000044,EUR,250.73,210.7,40.03,X,I,I
0500000707,0000000033,20141207,0000000033,20141221,,0100000041,EUR,10549.35,8865,1684.35,X,I,I
0500000708,0000000033,20141208,0000000033,20141222,,0100000043,EUR,195.16,164,31.16,X,I,I
0500000709,0000000033,20141209,0000000033,20141223,,0100000044,EUR,3972.22,3338,634.22,X,I,I
0500000710,0000000033,20141210,0000000033,20141224,,0100000036,EUR,3598.92,3024.3,574.62,P,P,I
0500000711,0000000033,20141211,0000000033,20141225,,0100000041,EUR,325.94,273.9,52.04,C,P,D
0500000712,0000000033,20141212,0000000033,20141226,,0100000038,EUR,24395,20500,3895,P,P,I
0500000713,0000000033,20141213,0000000033,20141227,,0100000037,EUR,5527.55,4645,882.55,P,I,D
0500000714,0000000033,20141214,0000000033,20141228,,0100000037,EUR,3459.33,2907,552.33,X,I,I
0500000715,0000000033,20141215,0000000033,20141229,,0100000042,EUR,852.04,716,136.04,P,I,D
0500000716,0000000033,20141216,0000000033,20141230,,0100000041,EUR,1916.5,1610.5,306,X,I,I
0500000717,0000000033,20141217,0000000033,20141231,,0100000038,EUR,178.14,149.7,28.44,X,I,I
0500000718,0000000033,20141218,0000000033,20130101,,0100000036,EUR,871.55,732.4,139.15,N,I,I
0500000719,0000000033,20141219,0000000033,20130102,,0100000043,EUR,1028.15,864,164.15,N,I,I
0500000720,0000000033,20141220,0000000033,20130103,,0100000044,EUR,5523.38,4641.5,881.88,N,I,I
0500000721,0000000033,20141221,0000000033,20130104,,0100000036,EUR,187.54,157.6,29.94,N,I,I
0500000722,0000000033,20141222,0000000033,20130105,,0100000037,EUR,521.22,438,83.22,C,P,D
0500000723,0000000033,20141223,0000000033,20130106,,0100000042,EUR,411.5,345.8,65.7,X,I,I
0500000724,0000000033,20141224,0000000033,20130107,,0100000038,EUR,11552.52,9708,1844.52,N,I,I
0500000725,0000000033,20141225,0000000033,20130108,,0100000044,EUR,26581.03,22337,4244.03,X,I,I
0500000726,0000000033,20141226,0000000033,20130109,,0100000044,EUR,9417.66,7914,1503.66,C,P,D
0500000727,0000000033,20141227,0000000033,20130110,,0100000044,EUR,5631.08,4732,899.08,N,I,I
0500000728,0000000033,20141228,0000000033,20130111,,0100000042,EUR,1405.39,1181,224.39,N,I,I
0500000729,0000000033,20141229,0000000033,20130112,,0100000041,EUR,761.24,639.7,121.54,C,P,D
0500000730,0000000033,20141230,0000000033,20130113,,0100000037,EUR,101299.22,85125.4,16173.82,C,P,D
0500000731,0000000033,20141231,0000000033,20130114,,0100000041,EUR,250.73,210.7,40.03,P,P,I
0500000732,0000000033,20140101,0000000033,20140115,,0100000037,EUR,10549.35,8865,1684.35,P,I,I
0500000733,0000000033,20140102,0000000033,20140116,,0100000043,EUR,195.16,164,31.16,P,I,D
0500000734,0000000033,20140103,0000000033,20140117,,0100000044,EUR,107100,90000,17100,C,P,D
0500000735,0000000033,20140104,0000000033,20140118,,0100000036,EUR,4415.73,3710.7,705.03,N,I,I
0500000736,0000000033,20140105,0000000033,20140119,,0100000044,EUR,325.94,273.9,52.04,C,P,D
0500000737,0000000033,20140106,0000000033,20140120,,0100000038,EUR,24220.07,20353,3867.07,C,P,D
0500000738,0000000033,20140107,0000000033,20140121,,0100000037,EUR,4499.87,3781.4,718.47,X,I,I
0500000739,0000000033,20140108,0000000033,20140122,,0100000037,EUR,2727.24,2291.8,435.44,X,I,I
0500000740,0000000033,20140109,0000000033,20140123,,0100000042,EUR,530.62,445.9,84.72,X,I,I
0500000741,0000000033,20140110,0000000033,20140124,,0100000041,EUR,803.25,675,128.25,X,I,I
0500000742,0000000033,20140111,0000000033,20140125,,0100000036,EUR,178.14,149.7,28.44,N,I,I
0500000743,0000000033,20140112,0000000033,20140126,,0100000038,EUR,871.55,732.4,139.15,P,P,D
0500000744,0000000033,20140113,0000000033,20140127,,0100000043,EUR,6543.8,5499,1044.8,P,P,D
0500000745,0000000033,20140114,0000000033,20140128,,0100000044,EUR,113032.74,94985.5,18047.24,X,I,I
0500000746,0000000033,20140115,0000000033,20140129,,0100000036,EUR,114.24,96,18.24,X,I,I
0500000747,0000000033,20140116,0000000033,20140130,,0100000042,EUR,521.22,438,83.22,P,P,I
0500000748,0000000033,20140117,0000000033,20140131,,0100000037,EUR,411.5,345.8,65.7,X,I,I
0500000749,0000000033,20140118,0000000033,20140201,,0100000038,EUR,11379.97,9563,1816.97,P,I,D
0500000750,0000000033,20140119,0000000033,20140202,,0100000000,EUR,26581.03,22337,4244.03,X,I,I
0500000751,0000000033,20140120,0000000033,20140203,,0100000002,EUR,9417.66,7914,1503.66,C,P,D
0500000752,0000000033,20140121,0000000033,20140204,,0100000005,EUR,5631.08,4732,899.08,C,P,D
0500000753,0000000033,20140122,0000000033,20140205,,0100000006,EUR,1405.39,1181,224.39,X,I,I
0500000754,0000000033,20140123,0000000033,20140206,,0100000006,EUR,761.24,639.7,121.54,N,I,I
0500000755,0000000033,20140124,0000000033,20140207,,0100000008,EUR,101299.22,85125.4,16173.82,C,P,D
0500000756,0000000033,20140125,0000000033,20140208,,0100000003,EUR,250.73,210.7,40.03,P,P,I
0500000757,0000000033,20140126,0000000033,20140209,,0100000004,EUR,10549.35,8865,1684.35,N,I,I
0500000758,0000000033,20140127,0000000033,20140210,,0100000009,EUR,195.16,164,31.16,P,P,I
0500000759,0000000033,20140128,0000000033,20140211,,0100000000,EUR,3972.22,3338,634.22,X,I,I
0500000760,0000000033,20140129,0000000033,20140212,,0100000002,EUR,3598.92,3024.3,574.62,C,P,D
0500000761,0000000033,20140130,0000000033,20140213,,0100000004,EUR,325.94,273.9,52.04,P,P,D
0500000762,0000000033,20140131,0000000033,20140214,,0100000005,EUR,24395,20500,3895,P,I,I
0500000763,0000000033,20140201,0000000033,20140215,,0100000006,EUR,5527.55,4645,882.55,P,I,D
0500000764,0000000033,20140202,0000000033,20140216,,0100000006,EUR,3459.33,2907,552.33,P,I,D
0500000765,0000000033,20140203,0000000033,20140217,,0100000008,EUR,852.04,716,136.04,P,P,D
0500000766,0000000033,20140204,0000000033,20140218,,0100000004,EUR,1916.5,1610.5,306,P,I,I
0500000767,0000000033,20140205,0000000033,20140219,,0100000005,EUR,178.14,149.7,28.44,N,I,I
0500000768,0000000033,20140206,0000000033,20140220,,0100000002,EUR,871.55,732.4,139.15,C,P,D
0500000769,0000000033,20140207,0000000033,20140221,,0100000009,EUR,1028.15,864,164.15,X,I,I
0500000770,0000000033,20140208,0000000033,20140222,,0100000000,EUR,5523.38,4641.5,881.88,N,I,I
0500000771,0000000033,20140209,0000000033,20140223,,0100000002,EUR,187.54,157.6,29.94,C,P,D
0500000772,0000000033,20140210,0000000033,20140224,,0100000006,EUR,521.22,438,83.22,X,I,I
0500000773,0000000033,20140211,0000000033,20140225,,0100000008,EUR,411.5,345.8,65.7,N,I,I
0500000774,0000000033,20140212,0000000033,20140226,,0100000005,EUR,11552.52,9708,1844.52,C,P,D
0500000775,0000000033,20140213,0000000033,20140227,,0100000003,EUR,26581.03,22337,4244.03,C,P,D
0500000776,0000000033,20140214,0000000033,20140228,,0100000003,EUR,9417.66,7914,1503.66,C,P,D
0500000777,0000000033,20140215,0000000033,20140228,,0100000003,EUR,5631.08,4732,899.08,N,I,I
0500000778,0000000033,20140216,0000000033,20140301,,0100000008,EUR,1405.39,1181,224.39,C,P,D
0500000779,0000000033,20140217,0000000033,20140302,,0100000004,EUR,761.24,639.7,121.54,C,P,D
0500000780,0000000033,20140218,0000000033,20140303,,0100000006,EUR,101299.22,85125.4,16173.82,C,P,D
0500000781,0000000033,20140219,0000000033,20140304,,0100000004,EUR,250.73,210.7,40.03,X,I,I
0500000782,0000000033,20140220,0000000033,20140305,,0100000006,EUR,10549.35,8865,1684.35,C,P,D
0500000783,0000000033,20140221,0000000033,20140306,,0100000009,EUR,195.16,164,31.16,P,I,I
0500000784,0000000033,20140222,0000000033,20140307,,0100000000,EUR,107100,90000,17100,C,P,D
0500000785,0000000033,20140223,0000000033,20140308,,0100000002,EUR,4415.73,3710.7,705.03,X,I,I
0500000786,0000000033,20140224,0000000033,20140309,,0100000003,EUR,325.94,273.9,52.04,X,I,I
0500000787,0000000033,20140225,0000000033,20140310,,0100000005,EUR,24220.07,20353,3867.07,C,P,D
0500000788,0000000033,20140226,0000000033,20140311,,0100000006,EUR,4499.87,3781.4,718.47,C,P,D
0500000789,0000000033,20140227,0000000033,20140312,,0100000006,EUR,2727.24,2291.8,435.44,X,I,I
0500000790,0000000033,20140228,0000000033,20140313,,0100000008,EUR,530.62,445.9,84.72,C,P,D
0500000791,0000000033,20140228,0000000033,20140314,,0100000004,EUR,803.25,675,128.25,C,P,D
0500000792,0000000033,20140301,0000000033,20140315,,0100000002,EUR,178.14,149.7,28.44,N,I,I
0500000793,0000000033,20140302,0000000033,20140316,,0100000005,EUR,871.55,732.4,139.15,P,P,D
0500000794,0000000033,20140303,0000000033,20140317,,0100000009,EUR,6543.8,5499,1044.8,P,I,I
0500000795,0000000033,20140304,0000000033,20140318,,0100000000,EUR,113032.74,94985.5,18047.24,X,I,I
0500000796,0000000033,20140305,0000000033,20140319,,0100000002,EUR,114.24,96,18.24,C,P,D
0500000797,0000000033,20140306,0000000033,20140320,,0100000008,EUR,521.22,438,83.22,C,P,D
0500000798,0000000033,20140307,0000000033,20140321,,0100000006,EUR,411.5,345.8,65.7,C,P,D
0500000799,0000000033,20140308,0000000033,20140322,,0100000005,EUR,11379.97,9563,1816.97,N,I,I
0500000800,0000000033,20140309,0000000033,20140323,,0100000026,EUR,26581.03,22337,4244.03,X,I,I
0500000801,0000000033,20140310,0000000033,20140324,,0100000025,EUR,9417.66,7914,1503.66,X,I,I
0500000802,0000000033,20140311,0000000033,20140325,,0100000022,EUR,5631.08,4732,899.08,N,I,I
0500000803,0000000033,20140312,0000000033,20140326,,0100000024,EUR,1405.39,1181,224.39,C,P,D
0500000804,0000000033,20140313,0000000033,20140327,,0100000024,EUR,761.24,639.7,121.54,P,P,D
0500000805,0000000033,20140314,0000000033,20140328,,0100000021,EUR,101299.22,85125.4,16173.82,P,I,I
0500000806,0000000033,20140315,0000000033,20140329,,0100000023,EUR,250.73,210.7,40.03,P,P,I
0500000807,0000000033,20140316,0000000033,20140330,,0100000019,EUR,10549.35,8865,1684.35,C,P,D
0500000808,0000000033,20140317,0000000033,20140331,,0100000026,EUR,195.16,164,31.16,X,I,I
0500000809,0000000033,20140318,0000000033,20140401,,0100000026,EUR,3972.22,3338,634.22,N,I,I
0500000810,0000000033,20140319,0000000033,20140402,,0100000025,EUR,3598.92,3024.3,574.62,C,P,D
0500000811,0000000033,20140320,0000000033,20140403,,0100000019,EUR,325.94,273.9,52.04,P,P,D
0500000812,0000000033,20140321,0000000033,20140404,,0100000022,EUR,24395,20500,3895,P,I,D
0500000813,0000000033,20140322,0000000033,20140405,,0100000024,EUR,5527.55,4645,882.55,P,I,D
0500000814,0000000033,20140323,0000000033,20140406,,0100000024,EUR,3459.33,2907,552.33,N,I,I
0500000815,0000000033,20140324,0000000033,20140407,,0100000021,EUR,852.04,716,136.04,P,P,I
0500000816,0000000033,20140325,0000000033,20140408,,0100000019,EUR,1916.5,1610.5,306,N,I,I
0500000817,0000000033,20140326,0000000033,20140409,,0100000022,EUR,178.14,149.7,28.44,P,I,I
0500000818,0000000033,20140327,0000000033,20140410,,0100000025,EUR,871.55,732.4,139.15,N,I,I
0500000819,0000000033,20140328,0000000033,20140411,,0100000026,EUR,1028.15,864,164.15,X,I,I
0500000820,0000000033,20140329,0000000033,20140412,,0100000026,EUR,5523.38,4641.5,881.88,X,I,I
0500000821,0000000033,20140330,0000000033,20140413,,0100000025,EUR,187.54,157.6,29.94,P,P,D
0500000822,0000000033,20140331,0000000033,20140414,,0100000024,EUR,521.22,438,83.22,N,I,I
0500000823,0000000033,20140401,0000000033,20140415,,0100000021,EUR,411.5,345.8,65.7,N,I,I
0500000824,0000000033,20140402,0000000033,20140416,,0100000022,EUR,11552.52,9708,1844.52,X,I,I
0500000825,0000000033,20140403,0000000033,20140417,,0100000023,EUR,26581.03,22337,4244.03,P,P,I
0500000826,0000000033,20140404,0000000033,20140418,,0100000023,EUR,9417.66,7914,1503.66,P,P,D
0500000827,0000000033,20140405,0000000033,20140419,,0100000023,EUR,5631.08,4732,899.08,P,P,I
0500000828,0000000033,20140406,0000000033,20140420,,0100000021,EUR,1405.39,1181,224.39,N,I,I
0500000829,0000000033,20140407,0000000033,20140421,,0100000019,EUR,761.24,639.7,121.54,C,P,D
0500000830,0000000033,20140408,0000000033,20140422,,0100000024,EUR,101299.22,85125.4,16173.82,N,I,I
0500000831,0000000033,20140409,0000000033,20140423,,0100000019,EUR,250.73,210.7,40.03,X,I,I
0500000832,0000000033,20140410,0000000033,20140424,,0100000024,EUR,10549.35,8865,1684.35,X,I,I
0500000833,0000000033,20140411,0000000033,20140425,,0100000026,EUR,195.16,164,31.16,X,I,I
0500000834,0000000033,20140412,0000000033,20140426,,0100000026,EUR,107100,90000,17100,P,P,D
0500000835,0000000033,20140413,0000000033,20140427,,0100000025,EUR,4415.73,3710.7,705.03,P,I,I
0500000836,0000000033,20140414,0000000033,20140428,,0100000023,EUR,325.94,273.9,52.04,N,I,I
0500000837,0000000033,20140415,0000000033,20140429,,0100000022,EUR,24220.07,20353,3867.07,P,P,D
0500000838,0000000033,20140416,0000000033,20140430,,0100000024,EUR,4499.87,3781.4,718.47,N,I,I
0500000839,0000000033,20140417,0000000033,20140501,,0100000024,EUR,2727.24,2291.8,435.44,X,I,I
0500000840,0000000033,20140418,0000000033,20140502,,0100000021,EUR,530.62,445.9,84.72,N,I,I
0500000841,0000000033,20140419,0000000033,20140503,,0100000019,EUR,803.25,675,128.25,P,I,I
0500000842,0000000033,20140420,0000000033,20140504,,0100000025,EUR,178.14,149.7,28.44,N,I,I
0500000843,0000000033,20140421,0000000033,20140505,,0100000022,EUR,871.55,732.4,139.15,N,I,I
0500000844,0000000033,20140422,0000000033,20140506,,0100000026,EUR,6543.8,5499,1044.8,N,I,I
0500000845,0000000033,20140423,0000000033,20140507,,0100000026,EUR,113032.74,94985.5,18047.24,P,P,I
0500000846,0000000033,20140424,0000000033,20140508,,0100000025,EUR,114.24,96,18.24,C,P,D
0500000847,0000000033,20140425,0000000033,20140509,,0100000021,EUR,521.22,438,83.22,X,I,I
0500000848,0000000033,20140426,0000000033,20140510,,0100000024,EUR,411.5,345.8,65.7,X,I,I
0500000849,0000000033,20140427,0000000033,20140511,,0100000022,EUR,11379.97,9563,1816.97,C,P,D
0500000850,0000000033,20140428,0000000033,20140512,,0100000012,EUR,26581.03,22337,4244.03,N,I,I
0500000851,0000000033,20140429,0000000033,20140513,,0100000011,EUR,9417.66,7914,1503.66,C,P,D
0500000852,0000000033,20140430,0000000033,20140514,,0100000015,EUR,5631.08,4732,899.08,P,P,I
0500000853,0000000033,20140501,0000000033,20140515,,0100000013,EUR,1405.39,1181,224.39,X,I,I
0500000854,0000000033,20140502,0000000033,20140516,,0100000013,EUR,761.24,639.7,121.54,C,P,D
0500000855,0000000033,20140503,0000000033,20140517,,0100000014,EUR,101299.22,85125.4,16173.82,N,I,I
0500000856,0000000033,20140504,0000000033,20140518,,0100000016,EUR,250.73,210.7,40.03,P,P,I
0500000857,0000000033,20140505,0000000033,20140519,,0100000017,EUR,10549.35,8865,1684.35,P,I,I
0500000858,0000000033,20140506,0000000033,20140520,,0100000018,EUR,195.16,164,31.16,C,P,D
0500000859,0000000033,20140507,0000000033,20140521,,0100000012,EUR,3972.22,3338,634.22,C,P,D
0500000860,0000000033,20140508,0000000033,20140522,,0100000011,EUR,3598.92,3024.3,574.62,P,P,D
0500000861,0000000033,20140509,0000000033,20140523,,0100000017,EUR,325.94,273.9,52.04,C,P,D
0500000862,0000000033,20140510,0000000033,20140524,,0100000015,EUR,24395,20500,3895,X,I,I
0500000863,0000000033,20140511,0000000033,20140525,,0100000013,EUR,5527.55,4645,882.55,N,I,I
0500000864,0000000033,20140512,0000000033,20140526,,0100000013,EUR,3459.33,2907,552.33,P,P,D
0500000865,0000000033,20140513,0000000033,20140527,,0100000014,EUR,852.04,716,136.04,X,I,I
0500000866,0000000033,20140514,0000000033,20140528,,0100000017,EUR,1916.5,1610.5,306,P,I,I
0500000867,0000000033,20140515,0000000033,20140529,,0100000015,EUR,178.14,149.7,28.44,C,P,D
0500000868,0000000033,20140516,0000000033,20140530,,0100000011,EUR,871.55,732.4,139.15,C,P,D
0500000869,0000000033,20140517,0000000033,20140531,,0100000018,EUR,1028.15,864,164.15,C,P,D
0500000870,0000000033,20140518,0000000033,20140601,,0100000012,EUR,5523.38,4641.5,881.88,X,I,I
0500000871,0000000033,20140519,0000000033,20140602,,0100000011,EUR,187.54,157.6,29.94,X,I,I
0500000872,0000000033,20140520,0000000033,20140603,,0100000013,EUR,521.22,438,83.22,X,I,I
0500000873,0000000033,20140521,0000000033,20140604,,0100000014,EUR,411.5,345.8,65.7,X,I,I
0500000874,0000000033,20140522,0000000033,20140605,,0100000015,EUR,11552.52,9708,1844.52,X,I,I
0500000875,0000000033,20140523,0000000033,20140606,,0100000016,EUR,26581.03,22337,4244.03,X,I,I
0500000876,0000000033,20140524,0000000033,20140607,,0100000016,EUR,9417.66,7914,1503.66,P,I,D
0500000877,0000000033,20140525,0000000033,20140608,,0100000016,EUR,5631.08,4732,899.08,N,I,I
0500000878,0000000033,20140526,0000000033,20140609,,0100000014,EUR,1405.39,1181,224.39,N,I,I
0500000879,0000000033,20140527,0000000033,20140610,,0100000017,EUR,761.24,639.7,121.54,C,P,D
0500000880,0000000033,20140528,0000000033,20140611,,0100000013,EUR,101299.22,85125.4,16173.82,P,I,D
0500000881,0000000033,20140529,0000000033,20140612,,0100000017,EUR,250.73,210.7,40.03,C,P,D
0500000882,0000000033,20140530,0000000033,20140613,,0100000013,EUR,10549.35,8865,1684.35,X,I,I
0500000883,0000000033,20140531,0000000033,20140614,,0100000018,EUR,195.16,164,31.16,P,I,I
0500000884,0000000033,20140601,0000000033,20140615,,0100000012,EUR,107100,90000,17100,X,I,I
0500000885,0000000033,20140602,0000000033,20140616,,0100000011,EUR,4415.73,3710.7,705.03,C,P,D
0500000886,0000000033,20140603,0000000033,20140617,,0100000016,EUR,325.94,273.9,52.04,P,P,D
0500000887,0000000033,20140604,0000000033,20140618,,0100000015,EUR,24220.07,20353,3867.07,C,P,D
0500000888,0000000033,20140605,0000000033,20140619,,0100000013,EUR,4499.87,3781.4,718.47,N,I,I
0500000889,0000000033,20140606,0000000033,20140620,,0100000013,EUR,2727.24,2291.8,435.44,P,P,I
0500000890,0000000033,20140607,0000000033,20140621,,0100000014,EUR,530.62,445.9,84.72,X,I,I
0500000891,0000000033,20140608,0000000033,20140622,,0100000017,EUR,803.25,675,128.25,X,I,I
0500000892,0000000033,20140609,0000000033,20140623,,0100000011,EUR,178.14,149.7,28.44,P,P,D
0500000893,0000000033,20140610,0000000033,20140624,,0100000015,EUR,871.55,732.4,139.15,C,P,D
0500000894,0000000033,20140611,0000000033,20140625,,0100000018,EUR,6543.8,5499,1044.8,P,P,D
0500000895,0000000033,20140612,0000000033,20140626,,0100000012,EUR,113032.74,94985.5,18047.24,N,I,I
0500000896,0000000033,20140613,0000000033,20140627,,0100000011,EUR,114.24,96,18.24,N,I,I
0500000897,0000000033,20140614,0000000033,20140628,,0100000014,EUR,521.22,438,83.22,C,P,D
0500000898,0000000033,20140615,0000000033,20140629,,0100000013,EUR,411.5,345.8,65.7,N,I,I
0500000899,0000000033,20140616,0000000033,20140630,,0100000015,EUR,11379.97,9563,1816.97,C,P,D
0500000900,0000000033,20140617,0000000033,20140701,,0100000028,EUR,26581.03,22337,4244.03,P,I,D
0500000901,0000000033,20140618,0000000033,20140702,,0100000030,EUR,9417.66,7914,1503.66,N,I,I
0500000902,0000000033,20140619,0000000033,20140703,,0100000031,EUR,5631.08,4732,899.08,N,I,I
0500000903,0000000033,20140620,0000000033,20140704,,0100000032,EUR,1405.39,1181,224.39,N,I,I
0500000904,0000000033,20140621,0000000033,20140705,,0100000032,EUR,761.24,639.7,121.54,X,I,I
0500000905,0000000033,20140622,0000000033,20140706,,0100000033,EUR,101299.22,85125.4,16173.82,C,P,D
0500000906,0000000033,20140623,0000000033,20140707,,0100000034,EUR,250.73,210.7,40.03,N,I,I
0500000907,0000000033,20140624,0000000033,20140708,,0100000035,EUR,10549.35,8865,1684.35,P,P,D
0500000908,0000000033,20140625,0000000033,20140709,,0100000027,EUR,195.16,164,31.16,N,I,I
0500000909,0000000033,20140626,0000000033,20140710,,0100000028,EUR,3972.22,3338,634.22,N,I,I
0500000910,0000000033,20140627,0000000033,20140711,,0100000030,EUR,3598.92,3024.3,574.62,N,I,I
0500000911,0000000033,20140628,0000000033,20140712,,0100000035,EUR,325.94,273.9,52.04,P,I,I
0500000912,0000000033,20140629,0000000033,20140713,,0100000031,EUR,24395,20500,3895,N,I,I
0500000913,0000000033,20140630,0000000033,20140714,,0100000032,EUR,5527.55,4645,882.55,X,I,I
0500000914,0000000033,20140701,0000000033,20140715,,0100000032,EUR,3459.33,2907,552.33,P,P,D
0500000915,0000000033,20140702,0000000033,20140716,,0100000033,EUR,852.04,716,136.04,C,P,D
0500000916,0000000033,20140703,0000000033,20140717,,0100000035,EUR,1916.5,1610.5,306,C,P,D
0500000917,0000000033,20140704,0000000033,20140718,,0100000031,EUR,178.14,149.7,28.44,P,P,D
0500000918,0000000033,20140705,0000000033,20140719,,0100000030,EUR,871.55,732.4,139.15,P,I,I
0500000919,0000000033,20140706,0000000033,20140720,,0100000027,EUR,1028.15,864,164.15,C,P,D
0500000920,0000000033,20140707,0000000033,20140721,,0100000028,EUR,5523.38,4641.5,881.88,X,I,I
0500000921,0000000033,20140708,0000000033,20140722,,0100000030,EUR,187.54,157.6,29.94,X,I,I
0500000922,0000000033,20140709,0000000033,20140723,,0100000032,EUR,521.22,438,83.22,N,I,I
0500000923,0000000033,20140710,0000000033,20140724,,0100000033,EUR,411.5,345.8,65.7,P,I,D
0500000924,0000000033,20140711,0000000033,20140725,,0100000031,EUR,11552.52,9708,1844.52,X,I,I
0500000925,0000000033,20140712,0000000033,20140726,,0100000034,EUR,26581.03,22337,4244.03,C,P,D
0500000926,0000000033,20140713,0000000033,20140727,,0100000034,EUR,9417.66,7914,1503.66,N,I,I
0500000927,0000000033,20140714,0000000033,20140728,,0100000034,EUR,5631.08,4732,899.08,C,P,D
0500000928,0000000033,20140715,0000000033,20140729,,0100000033,EUR,1405.39,1181,224.39,N,I,I
0500000929,0000000033,20140716,0000000033,20140730,,0100000035,EUR,761.24,639.7,121.54,X,I,I
0500000930,0000000033,20140717,0000000033,20140731,,0100000032,EUR,101299.22,85125.4,16173.82,C,P,D
0500000931,0000000033,20140718,0000000033,20140801,,0100000035,EUR,250.73,210.7,40.03,C,P,D
0500000932,0000000033,20140719,0000000033,20140802,,0100000032,EUR,10549.35,8865,1684.35,C,P,D
0500000933,0000000033,20140720,0000000033,20140803,,0100000027,EUR,195.16,164,31.16,C,P,D
0500000934,0000000033,20140721,0000000033,20140804,,0100000028,EUR,107100,90000,17100,P,P,I
0500000935,0000000033,20140722,0000000033,20140805,,0100000030,EUR,4415.73,3710.7,705.03,X,I,I
0500000936,0000000033,20140723,0000000033,20140806,,0100000034,EUR,325.94,273.9,52.04,N,I,I
0500000937,0000000033,20140724,0000000033,20140807,,0100000031,EUR,24220.07,20353,3867.07,X,I,I
0500000938,0000000033,20140725,0000000033,20140808,,0100000032,EUR,4499.87,3781.4,718.47,C,P,D
0500000939,0000000033,20140726,0000000033,20140809,,0100000032,EUR,2727.24,2291.8,435.44,X,I,I
0500000940,0000000033,20140727,0000000033,20140810,,0100000033,EUR,530.62,445.9,84.72,X,I,I
0500000941,0000000033,20140728,0000000033,20140811,,0100000035,EUR,803.25,675,128.25,X,I,I
0500000942,0000000033,20140729,0000000033,20140812,,0100000030,EUR,178.14,149.7,28.44,P,P,I
0500000943,0000000033,20140730,0000000033,20140813,,0100000031,EUR,871.55,732.4,139.15,P,I,D
0500000944,0000000033,20140731,0000000033,20140814,,0100000027,EUR,6543.8,5499,1044.8,C,P,D
0500000945,0000000033,20140801,0000000033,20140815,,0100000028,EUR,113032.74,94985.5,18047.24,P,P,D
0500000946,0000000033,20140802,0000000033,20140816,,0100000030,EUR,114.24,96,18.24,P,I,I
0500000947,0000000033,20140803,0000000033,20140817,,0100000033,EUR,521.22,438,83.22,N,I,I
0500000948,0000000033,20140804,0000000033,20140818,,0100000032,EUR,411.5,345.8,65.7,X,I,I
0500000949,0000000033,20140805,0000000033,20140819,,0100000031,EUR,11379.97,9563,1816.97,C,P,D
0500000950,0000000033,20140806,0000000033,20140820,,0100000044,EUR,26581.03,22337,4244.03,C,P,D
0500000951,0000000033,20140807,0000000033,20140821,,0100000036,EUR,9417.66,7914,1503.66,X,I,I
0500000952,0000000033,20140808,0000000033,20140822,,0100000038,EUR,5631.08,4732,899.08,X,I,I
0500000953,0000000033,20140809,0000000033,20140823,,0100000037,EUR,1405.39,1181,224.39,P,P,I
0500000954,0000000033,20140810,0000000033,20140824,,0100000037,EUR,761.24,639.7,121.54,N,I,I
0500000955,0000000033,20140811,0000000033,20140825,,0100000042,EUR,101299.22,85125.4,16173.82,X,I,I
0500000956,0000000033,20140812,0000000033,20140826,,0100000044,EUR,250.73,210.7,40.03,X,I,I
0500000957,0000000033,20140813,0000000033,20140827,,0100000041,EUR,10549.35,8865,1684.35,C,P,D
0500000958,0000000033,20140814,0000000033,20140828,,0100000043,EUR,195.16,164,31.16,C,P,D
0500000959,0000000033,20140815,0000000033,20140829,,0100000044,EUR,3972.22,3338,634.22,P,I,D
0500000960,0000000033,20140816,0000000033,20140830,,0100000036,EUR,3598.92,3024.3,574.62,P,I,D
0500000961,0000000033,20140817,0000000033,20140831,,0100000041,EUR,325.94,273.9,52.04,N,I,I
0500000962,0000000033,20140818,0000000033,20140901,,0100000038,EUR,24395,20500,3895,P,P,D
0500000963,0000000033,20140819,0000000033,20140902,,0100000037,EUR,5527.55,4645,882.55,C,P,D
0500000964,0000000033,20140820,0000000033,20140903,,0100000037,EUR,3459.33,2907,552.33,N,I,I
0500000965,0000000033,20140821,0000000033,20140904,,0100000042,EUR,852.04,716,136.04,C,P,D
0500000966,0000000033,20140822,0000000033,20140905,,0100000041,EUR,1916.5,1610.5,306,P,I,I
0500000967,0000000033,20140823,0000000033,20140906,,0100000038,EUR,178.14,149.7,28.44,C,P,D
0500000968,0000000033,20140824,0000000033,20140907,,0100000036,EUR,871.55,732.4,139.15,X,I,I
0500000969,0000000033,20140825,0000000033,20140908,,0100000043,EUR,1028.15,864,164.15,N,I,I
0500000970,0000000033,20140826,0000000033,20140909,,0100000044,EUR,5523.38,4641.5,881.88,N,I,I
0500000971,0000000033,20140827,0000000033,20140910,,0100000036,EUR,187.54,157.6,29.94,X,I,I
0500000972,0000000033,20140828,0000000033,20140911,,0100000037,EUR,521.22,438,83.22,P,P,I
0500000973,0000000033,20140829,0000000033,20140912,,0100000042,EUR,411.5,345.8,65.7,N,I,I
0500000974,0000000033,20140830,0000000033,20140913,,0100000038,EUR,11552.52,9708,1844.52,N,I,I
0500000975,0000000033,20140831,0000000033,20140914,,0100000044,EUR,26581.03,22337,4244.03,P,I,D
0500000976,0000000033,20140901,0000000033,20140915,,0100000044,EUR,9417.66,7914,1503.66,C,P,D
0500000977,0000000033,20140902,0000000033,20140916,,0100000044,EUR,5631.08,4732,899.08,P,P,D
0500000978,0000000033,20140903,0000000033,20140917,,0100000042,EUR,1405.39,1181,224.39,C,P,D
0500000979,0000000033,20140904,0000000033,20140918,,0100000041,EUR,761.24,639.7,121.54,P,P,I
0500000980,0000000033,20140905,0000000033,20140919,,0100000037,EUR,101299.22,85125.4,16173.82,P,I,I
0500000981,0000000033,20140906,0000000033,20140920,,0100000041,EUR,250.73,210.7,40.03,X,I,I
0500000982,0000000033,20140907,0000000033,20140921,,0100000037,EUR,10549.35,8865,1684.35,X,I,I
0500000983,0000000033,20140908,0000000033,20140922,,0100000043,EUR,195.16,164,31.16,X,I,I
0500000984,0000000033,20140909,0000000033,20140923,,0100000044,EUR,107100,90000,17100,X,I,I
0500000985,0000000033,20140910,0000000033,20140924,,0100000036,EUR,4415.73,3710.7,705.03,N,I,I
0500000986,0000000033,20140911,0000000033,20140925,,0100000044,EUR,325.94,273.9,52.04,N,I,I
0500000987,0000000033,20140912,0000000033,20140926,,0100000038,EUR,24220.07,20353,3867.07,C,P,D
0500000988,0000000033,20140913,0000000033,20140927,,0100000037,EUR,4499.87,3781.4,718.47,N,I,I
0500000989,0000000033,20140914,0000000033,20140928,,0100000037,EUR,2727.24,2291.8,435.44,C,P,D
0500000990,0000000033,20140915,0000000033,20140929,,0100000042,EUR,530.62,445.9,84.72,N,I,I
0500000991,0000000033,20140916,0000000033,20140930,,0100000041,EUR,803.25,675,128.25,X,I,I
0500000992,0000000033,20140917,0000000033,20141001,,0100000036,EUR,178.14,149.7,28.44,N,I,I
0500000993,0000000033,20140918,0000000033,20141002,,0100000038,EUR,871.55,732.4,139.15,P,I,D
0500000994,0000000033,20140919,0000000033,20141003,,0100000043,EUR,6543.8,5499,1044.8,P,P,D
0500000995,0000000033,20140920,0000000033,20141004,,0100000044,EUR,113032.74,94985.5,18047.24,X,I,I
0500000996,0000000033,20140921,0000000033,20141005,,0100000036,EUR,114.24,96,18.24,P,I,D
0500000997,0000000033,20140922,0000000033,20141006,,0100000042,EUR,521.22,438,83.22,P,I,I
0500000998,0000000033,20140923,0000000033,20141007,,0100000037,EUR,411.5,345.8,65.7,P,I,D
0500000999,0000000033,20140924,0000000033,20141008,,0100000038,EUR,11379.97,9563,1816.97,N,I,I
0500001000,0000000033,20130906,0000000033,20130920,,0100000041,EUR,250.73,210.7,40.03,X,I,I
0500001001,0000000033,20130907,0000000033,20130921,,0100000037,EUR,10549.35,8865,1684.35,X,I,I
0500001002,0000000033,20130908,0000000033,20130922,,0100000043,EUR,195.16,164,31.16,X,I,I
0500001003,0000000033,20130909,0000000033,20130923,,0100000044,EUR,107100,90000,17100,X,I,I
0500001004,0000000033,20130910,0000000033,20130924,,0100000036,EUR,4415.73,3710.7,705.03,N,I,I
0500001005,0000000033,20130911,0000000033,20130925,,0100000044,EUR,325.94,273.9,52.04,N,I,I
0500001006,0000000033,20130912,0000000033,20130926,,0100000038,EUR,24220.07,20353,3867.07,C,P,D
0500001007,0000000033,20130913,0000000033,20130927,,0100000037,EUR,4499.87,3781.4,718.47,N,I,I
0500001008,0000000033,20130914,0000000033,20130928,,0100000037,EUR,2727.24,2291.8,435.44,C,P,D
0500001009,0000000033,20130915,0000000033,20130929,,0100000042,EUR,530.62,445.9,84.72,N,I,I
0500001010,0000000033,20130915,0000000033,20130929,,0100000042,EUR,530.62,445.9,84.72,N,I,I
0500001011,0000000033,20130915,0000000033,20130929,,0100000042,EUR,530.62,445.9,84.72,N,I,I
0500001012,0000000033,20130915,0000000033,20130929,,0100000042,EUR,530.62,445.9,84.72,N,I,I
0500001013,0000000033,20130911,0000000033,20130925,,0100000044,EUR,325.94,273.9,52.04,N,I,I
0500001014,0000000033,20130911,0000000033,20130925,,0100000044,EUR,325.94,273.9,52.04,N,I,I
0500001015,0000000033,20130911,0000000033,20130925,,0100000044,EUR,325.94,273.9,52.04,N,I,I
0500001016,0000000033,20130911,0000000033,20130925,,0100000044,EUR,325.94,273.9,52.04,N,I,I
0500001017,0000000033,20130911,0000000033,20130925,,0100000044,EUR,325.94,273.9,52.04,N,I,I
0500001018,000000033,20130911,0000000033,20130925,,0100000044,EUR,325.94,273.9,52.04,N,I,I
0500001019,0000000033,20130911,0000000033,20130925,,0100000044,EUR,325.94,273.9,52.04,N,I,I
0500001020,0000000033,20130911,0000000033,20130925,,0100000044,EUR,325.94,273.9,52.04,N,I,I
0500001021,0000000033,20130911,0000000033,20130925,,0100000044,EUR,325.94,273.9,52.04,N,I,I
0500001022,0000000033,20130911,0000000033,20130925,,0100000044,EUR,325.94,273.9,52.04,N,I,I
0500001023,0000000033,20130911,0000000033,20130925,,0100000044,EUR,325.94,273.9,52.04,N,I,I
0500001024,0000000033,20130911,0000000033,20130925,,0100000044,EUR,325.94,273.9,52.04,N,I,I
0500001025,0000000033,20130911,0000000033,20130925,,0100000044,EUR,325.94,273.9,52.04,N,I,I
0500001026,0000000033,20130911,0000000033,20130925,,0100000044,EUR,325.94,273.9,52.04,N,I,I
0500001027,0000000033,20130911,0000000033,20130925,,0100000044,EUR,325.94,273.9,52.04,N,I,I
0500001028,0000000033,20130911,0000000033,20130925,,0100000044,EUR,325.94,273.9,52.04,N,I,I